region,species_id,seed,auc_additive,auc_deep2,delta_auc
AWT,awt01,0,0.5371669004207573,0.5681977559607293,0.03103085553997198
AWT,awt01,1,0.5366847826086956,0.5742461430575035,0.03756136044880798
AWT,awt01,2,0.5367286115007013,0.5686798737727911,0.031951262272089775
AWT,awt02,0,0.7550557244174266,0.8660182370820668,0.11096251266464019
AWT,awt02,1,0.7541236068895643,0.8501722391084092,0.09604863221884496
AWT,awt02,2,0.7550557244174265,0.8690982776089158,0.11404255319148926
AWT,awt03,0,0.528233954223153,0.519490062088982,-0.008743892134171038
AWT,awt03,1,0.5281604761379918,0.5187552812373709,-0.009405194900620861
AWT,awt03,2,0.5287483008192806,0.5171387633638268,-0.011609537455453789
AWT,awt04,0,0.4647030185004869,0.4668243149255807,0.0021212964250937882
AWT,awt04,1,0.4645639170955626,0.4653637501738766,0.000799833078313994
AWT,awt04,2,0.4646682431492558,0.4659549311448046,0.0012866879955487631
AWT,awt05,0,0.7327717667562269,0.7061941761673081,-0.026577590588918842
AWT,awt05,1,0.7326265340207683,0.7070655725800595,-0.02556096144070874
AWT,awt05,2,0.7324813012853097,0.7062667925350374,-0.026214508750272314
AWT,awt06,0,0.6440180350214952,0.6310509943727938,-0.012967040648701467
AWT,awt06,1,0.6439481318374052,0.6282898186012373,-0.015658313236167842
AWT,awt06,2,0.6439131802453602,0.6363985879556814,-0.007514592289678768
AWT,awt07,0,0.4987368320701654,0.5070785070785071,0.008341675008341709
AWT,awt07,1,0.4984984984984985,0.5065541732208398,0.008055674722341366
AWT,awt07,2,0.4986414986414986,0.504313837647171,0.005672339005672378
AWT,awt08,0,0.7594117435547085,0.7613534213081156,0.001941677753407034
AWT,awt08,1,0.7590521736003739,0.7624321311711193,0.0033799575707453844
AWT,awt08,2,0.7590521736003739,0.7588004746323397,-0.00025169896803423075
AWT,awt09,0,0.7208666075125703,0.7062259686483289,-0.014640638864241384
AWT,awt09,1,0.7207926648920437,0.7088139603667554,-0.011978704525288375
AWT,awt09,2,0.7207187222715173,0.7067435669920141,-0.013975155279503215
AWT,awt10,0,0.6833910034602075,0.6692618223760093,-0.01412918108419825
AWT,awt10,1,0.6833910034602075,0.6707859614434009,-0.012605042016806678
AWT,awt10,2,0.6832674246169055,0.6716922062942825,-0.011575218322622982
AWT,awt11,0,0.3984944718889673,0.4735356386732534,0.07504116678428607
AWT,awt11,1,0.3984944718889673,0.4620089390731592,0.0635144671841919
AWT,awt11,2,0.3984944718889673,0.4735356386732533,0.07504116678428602
AWT,awt12,0,0.8323688271604939,0.8192515432098766,-0.013117283950617287
AWT,awt12,1,0.8321759259259259,0.8186728395061729,-0.013503086419753063
AWT,awt12,2,0.8323688271604939,0.8152006172839505,-0.017168209876543328
AWT,awt13,0,0.7468281430219146,0.747240072499588,0.0004119294776734339
AWT,awt13,1,0.7471576866040534,0.7492997198879552,0.002142033283901834
AWT,awt13,2,0.7474872301861921,0.7480227385071675,0.0005355083209753753
AWT,awt14,0,0.8039160839160839,0.8274125874125875,0.023496503496503562
AWT,awt14,1,0.8031888111888112,0.8307692307692308,0.02758041958041957
AWT,awt14,2,0.8035804195804196,0.8247272727272728,0.021146853146853162
AWT,awt15,0,0.7706571725263314,0.7858997181427088,0.01524254561637739
AWT,awt15,1,0.7715472481827622,0.7810043020323393,0.009457053849577068
AWT,awt15,2,0.7715843346684469,0.782784453345201,0.011200118676754078
AWT,awt16,0,0.6715353260869564,0.6546082427536232,-0.01692708333333326
AWT,awt16,1,0.671478713768116,0.6537590579710144,-0.017719655797101552
AWT,awt16,2,0.6719316123188406,0.6544384057971014,-0.017493206521739135
AWT,awt17,0,0.8015239031584123,0.7907500716889927,-0.01077383146941957
AWT,awt17,1,0.8021383802384172,0.7892753266969809,-0.012863053541436353
AWT,awt17,2,0.8016058334357462,0.7900126991929868,-0.011593134242759429
AWT,awt18,0,0.600373952752508,0.5960231563050591,-0.004350796447448957
AWT,awt18,1,0.6003739527525079,0.5999424688073065,-0.0004314839452014274
AWT,awt18,2,0.6004458667433749,0.5914206608895761,-0.009025205853798735
AWT,awt19,0,0.6595335144927535,0.663383152173913,0.0038496376811594235
AWT,awt19,1,0.6598165760869565,0.6535892210144928,-0.006227355072463747
AWT,awt19,2,0.6593636775362319,0.6615149456521738,0.0021512681159419067
AWT,awt20,0,0.5517788461538462,0.5592307692307691,0.007451923076922884
AWT,awt20,1,0.5515384615384616,0.5539903846153846,0.0024519230769229905
AWT,awt20,2,0.5514423076923076,0.5579807692307692,0.006538461538461604
AWT,awt21,0,0.5689024390243902,0.6487804878048781,0.07987804878048788
AWT,awt21,1,0.5713414634146341,0.6310975609756098,0.05975609756097566
AWT,awt21,2,0.5695121951219512,0.6164634146341463,0.046951219512195164
AWT,awt22,0,0.6732542819499341,0.6613965744400527,-0.011857707509881354
AWT,awt22,1,0.6732542819499341,0.6376811594202898,-0.035573122529644285
AWT,awt22,2,0.6732542819499341,0.6622749231444884,-0.01097935880544565
AWT,awt23,0,0.6487889273356402,0.634515570934256,-0.014273356401384163
AWT,awt23,1,0.647923875432526,0.6410034602076125,-0.006920415224913601
AWT,awt23,2,0.6479238754325259,0.639273356401384,-0.00865051903114189
AWT,awt24,0,0.4972839506172839,0.5822222222222222,0.08493827160493828
AWT,awt24,1,0.4972839506172839,0.6034567901234568,0.10617283950617284
AWT,awt24,2,0.4967901234567901,0.6024691358024691,0.105679012345679
AWT,awt25,0,0.5224358974358975,0.4930555555555556,-0.029380341880341887
AWT,awt25,1,0.5219017094017094,0.4834401709401709,-0.03846153846153855
AWT,awt25,2,0.5224358974358975,0.4893162393162393,-0.03311965811965817
AWT,awt26,0,0.6911337209302325,0.6751453488372092,-0.015988372093023284
AWT,awt26,1,0.6911337209302325,0.6773255813953488,-0.01380813953488369
AWT,awt26,2,0.6911337209302325,0.6787790697674418,-0.012354651162790664
AWT,awt27,0,0.7254320987654319,0.7101234567901235,-0.015308641975308457
AWT,awt27,1,0.7254320987654319,0.7051851851851851,-0.020246913580246773
AWT,awt27,2,0.7254320987654319,0.7037037037037037,-0.02172839506172819
AWT,awt28,0,0.7930194805194805,0.7459415584415585,-0.04707792207792194
AWT,awt28,1,0.7930194805194805,0.734577922077922,-0.058441558441558406
AWT,awt28,2,0.7930194805194805,0.7662337662337662,-0.0267857142857143
AWT,awt29,0,0.8367816091954023,0.8375478927203066,0.0007662835249042654
AWT,awt29,1,0.8352490421455938,0.8298850574712644,-0.005363984674329414
AWT,awt29,2,0.8352490421455938,0.8168582375478927,-0.01839080459770115
AWT,awt30,0,0.580149319279754,0.5823451910408433,0.002195871761089263
AWT,awt30,1,0.5805884936319718,0.5920070267896356,0.011418533157663724
AWT,awt30,2,0.580149319279754,0.577953447518665,-0.002195871761089041
AWT,awt31,0,0.6923387096774194,0.7358870967741936,0.04354838709677422
AWT,awt31,1,0.6923387096774194,0.7278225806451613,0.03548387096774186
AWT,awt31,2,0.6919354838709676,0.7346774193548387,0.04274193548387106
AWT,awt32,0,0.567398119122257,0.5913009404388715,0.023902821316614475
AWT,awt32,1,0.5670062695924765,0.5940438871473355,0.027037617554859006
AWT,awt32,2,0.5677899686520376,0.5975705329153604,0.029780564263322873
AWT,awt33,0,0.7019230769230769,0.6757478632478633,-0.026175213675213582
AWT,awt33,1,0.7008547008547009,0.6784188034188035,-0.022435897435897467
AWT,awt33,2,0.701388888888889,0.6757478632478633,-0.02564102564102566
AWT,awt34,0,0.8973180076628353,0.8919540229885057,-0.005363984674329636
AWT,awt34,1,0.8973180076628353,0.9019157088122606,0.0045977011494252595
AWT,awt34,2,0.8973180076628353,0.8996168582375479,0.0022988505747125743
AWT,awt35,0,0.6611538461538462,0.67,0.008846153846153837
AWT,awt35,1,0.6611538461538462,0.6615384615384615,0.00038461538461531664
AWT,awt35,2,0.6611538461538462,0.6646153846153846,0.003461538461538405
AWT,awt36,0,0.4036908881199538,0.4221453287197232,0.018454440599769417
AWT,awt36,1,0.4036908881199538,0.4202229911572472,0.01653210303729341
AWT,awt36,2,0.404075355632449,0.4232987312572088,0.019223375624759786
AWT,awt37,0,0.8336272780717225,0.7630805408583187,-0.07054673721340388
AWT,awt37,1,0.8336272780717225,0.763668430335097,-0.06995884773662553
AWT,awt37,2,0.8342151675485009,0.763668430335097,-0.07054673721340388
AWT,awt38,0,0.7572674418604651,0.7521802325581396,-0.005087209302325535
AWT,awt38,1,0.7572674418604651,0.7398255813953487,-0.01744186046511642
AWT,awt38,2,0.7572674418604651,0.7354651162790697,-0.021802325581395388
AWT,awt39,0,0.7575892857142856,0.7616071428571429,0.004017857142857295
AWT,awt39,1,0.7575892857142856,0.7598214285714286,0.0022321428571430157
AWT,awt39,2,0.7575892857142856,0.7607142857142858,0.0031250000000001554
AWT,awt40,0,0.7523056653491437,0.7720685111989459,0.019762845849802257
AWT,awt40,1,0.7527448397013614,0.7725076855511638,0.01976284584980237
AWT,awt40,2,0.7527448397013614,0.769433465085639,0.016688625384277622
CAN,can01,0,0.7348467301109922,0.6945181495438739,-0.0403285805671183
CAN,can01,1,0.7348412729692612,0.6954834572811913,-0.03935781568806984
CAN,can01,2,0.7348631015361855,0.6913229930603348,-0.04354010847585066
CAN,can02,0,0.7029528012314255,0.7035399186195901,0.0005871173881646374
CAN,can02,1,0.7030799404810179,0.7041248093460081,0.0010448688649902227
CAN,can02,2,0.7032828175914307,0.7038978152935784,0.0006149977021476793
CAN,can03,0,0.4815310562790562,0.4704288165474842,-0.011102239731571983
CAN,can03,1,0.4814130979308669,0.475724325801368,-0.00568877212949892
CAN,can03,2,0.4813805824557574,0.4710862035505668,-0.010294378905190582
CAN,can04,0,0.5666894853624753,0.5605092411186692,-0.006180244243806143
CAN,can04,1,0.5666537290236344,0.5640273682642555,-0.002626360759378943
CAN,can04,2,0.566663286017426,0.5655365494045499,-0.0011267366128761003
CAN,can05,0,0.6313888135315877,0.628401133373811,-0.0029876801577767287
CAN,can05,1,0.6314281715735035,0.6278724265481619,-0.0035557450253416167
CAN,can05,2,0.6314467740615862,0.6295166798003677,-0.0019300942612184846
CAN,can06,0,0.8841509693886833,0.8858495764529134,0.0016986070642300843
CAN,can06,1,0.8841522690115329,0.8856962209566784,0.0015439519451455608
CAN,can06,2,0.8841457708972855,0.8857313107736136,0.0015855398763280348
CAN,can07,0,0.6681587824655671,0.6621776643900538,-0.005981118075513381
CAN,can07,1,0.6679991200640168,0.6622308148856821,-0.0057683051783347095
CAN,can07,2,0.6682207913771335,0.6626248034802606,-0.005595987896872878
CAN,can08,0,0.5416822545510626,0.5431725548280139,0.0014903002769512952
CAN,can08,1,0.5417464481471248,0.5446481400564185,0.00290169190929368
CAN,can08,2,0.5418420317048251,0.5441089845331346,0.0022669528283094653
CAN,can09,0,0.7124999574197021,0.7109687699062892,-0.0015311875134128572
CAN,can09,1,0.7129274636108773,0.7110322145501988,-0.0018952490606785055
CAN,can09,2,0.7121771987614243,0.7108163324397148,-0.0013608663217095085
CAN,can10,0,0.6698061370723242,0.6629696243005595,-0.006836512771764669
CAN,can10,1,0.6695809118470989,0.6636176344209918,-0.005963277426107139
CAN,can10,2,0.669608937474645,0.6623795258087825,-0.007229411665862551
CAN,can11,0,0.5955062493874792,0.5969827772348815,0.0014765278474022647
CAN,can11,1,0.5954949463942879,0.5967766353161736,0.0012816889218857375
CAN,can11,2,0.5954965768455475,0.5967798741855675,0.0012832973400200842
CAN,can12,0,0.5300757309881022,0.5174345234772308,-0.012641207510871388
CAN,can12,1,0.5300813915856973,0.5148987319090229,-0.015182659676674426
CAN,can12,2,0.5300778000341198,0.5157580106239656,-0.014319789410154105
CAN,can13,0,0.3832927707075892,0.4424445840782106,0.059151813370621364
CAN,can13,1,0.3832922790393983,0.444149689364037,0.060857410324638705
CAN,can13,2,0.3832927707075891,0.4447305461646931,0.061437775457103994
CAN,can14,0,0.3891681074024415,0.5171747759508856,0.12800666854844406
CAN,can14,1,0.3892102709759367,0.5027820019758662,0.11357173099992951
CAN,can14,2,0.3892051548937972,0.5058712335050455,0.11666607861124828
CAN,can15,0,0.6810392350826662,0.6787891767461237,-0.00225005833654246
CAN,can15,1,0.6810140966854823,0.67880120194751,-0.0022128947379722597
CAN,can15,2,0.6810430716945369,0.6791041797595818,-0.0019388919349551115
CAN,can16,0,0.4970595482819708,0.4974114123847284,0.00035186410275761526
CAN,can16,1,0.4970595482819707,0.4972164996514658,0.00015695136949511745
CAN,can16,2,0.4971729883807147,0.4973747829986369,0.00020179461792219078
CAN,can17,0,0.4704020263316547,0.4740610831333605,0.0036590568017058067
CAN,can17,1,0.4703292214971682,0.4783009211653169,0.007971699668148702
CAN,can17,2,0.4704714548879821,0.4786010109067903,0.008129556018808215
CAN,can18,0,0.7808774181386137,0.7755798851346304,-0.005297533003983279
CAN,can18,1,0.7810227159164094,0.7760031603370758,-0.0050195555793335345
CAN,can18,2,0.7809442942326056,0.7761333163577412,-0.004810977874864397
CAN,can19,0,0.4641120162232762,0.4628030407185903,-0.0013089755046858942
CAN,can19,1,0.4641034233862652,0.4608496024380742,-0.0032538209481909885
CAN,can19,2,0.4641206090602873,0.462593948351321,-0.0015266607089662876
CAN,can20,0,0.6239813502920393,0.6182980016953685,-0.005683348596670745
CAN,can20,1,0.6240023909378184,0.618404351107303,-0.005598039830515433
CAN,can20,2,0.6238930941980705,0.6152381023335141,-0.008654991864556427
NSW,nsw01,0,0.701574074074074,0.6650740740740742,-0.036499999999999866
NSW,nsw01,1,0.7016666666666668,0.6587037037037036,-0.0429629629629632
NSW,nsw01,2,0.7016111111111111,0.6583518518518517,-0.04325925925925933
NSW,nsw02,0,0.7252909376031693,0.6660510894684714,-0.05923984813469796
NSW,nsw02,1,0.7251258666226478,0.6658447507428195,-0.05928111587982832
NSW,nsw02,2,0.7252084021129086,0.6647924232419941,-0.060415978870914544
NSW,nsw03,0,0.7258218405759389,0.7170613236187007,-0.008760516957238229
NSW,nsw03,1,0.7259085783675948,0.7141122387024026,-0.011796339665192224
NSW,nsw03,2,0.7258218405759389,0.7226992800763292,-0.0031225604996096834
NSW,nsw04,0,0.8494623655913978,0.878136200716846,0.028673835125448188
NSW,nsw04,1,0.8496117084826762,0.8733572281959379,0.023745519713261665
NSW,nsw04,2,0.8493130227001195,0.8764934289127837,0.027180406212664154
NSW,nsw05,0,0.5532075471698114,0.5375471698113208,-0.015660377358490574
NSW,nsw05,1,0.5529716981132076,0.5416509433962264,-0.01132075471698113
NSW,nsw05,2,0.5533018867924528,0.5438207547169811,-0.009481132075471743
NSW,nsw06,0,0.4940076934827591,0.5115888291741311,0.017581135691371985
NSW,nsw06,1,0.4940215806357538,0.5095057562249163,0.015484175589162541
NSW,nsw06,2,0.493896596258801,0.510644502770487,0.016747906511686006
NSW,nsw07,0,0.7426114759764949,0.7527652955409609,0.010153819564466038
NSW,nsw07,1,0.7421361908053923,0.7442533702039406,0.0021171793985482745
NSW,nsw07,2,0.7422658140338749,0.7506049083995852,0.008339094365710231
NSW,nsw08,0,0.86158357771261,0.8599706744868035,-0.001612903225806428
NSW,nsw08,1,0.8615102639296187,0.8571847507331378,-0.00432551319648089
NSW,nsw08,2,0.861217008797654,0.8600439882697947,-0.001173020527859281
NSW,nsw09,0,0.5860363636363636,0.6089142857142857,0.022877922077922164
NSW,nsw09,1,0.5860155844155844,0.6081662337662337,0.022150649350649254
NSW,nsw09,2,0.5860155844155844,0.607812987012987,0.021797402597402593
NSW,nsw10,0,0.9633620689655172,0.9583333333333331,-0.005028735632184089
NSW,nsw10,1,0.9633620689655172,0.9566570881226054,-0.006704980842911823
NSW,nsw10,2,0.9633620689655172,0.9602490421455938,-0.0031130268199234257
NSW,nsw11,0,0.5551360098636049,0.5320181860214226,-0.023117823842182306
NSW,nsw11,1,0.5541342374971102,0.5401094243661864,-0.014024813130923852
NSW,nsw11,2,0.5543654157355321,0.533019958387917,-0.02134545734761506
NSW,nsw12,0,0.663758573388203,0.6739643347050754,0.010205761316872453
NSW,nsw12,1,0.6633744855967078,0.6757750342935527,0.012400548696844926
NSW,nsw12,2,0.6638683127572017,0.6731412894375857,0.00927297668038396
NSW,nsw13,0,0.8099852289512556,0.8317872968980797,0.021802067946824155
NSW,nsw13,1,0.8102215657311669,0.829069423929099,0.01884785819793211
NSW,nsw13,2,0.8099852289512555,0.833618906942393,0.02363367799113758
NSW,nsw14,0,0.649257758234693,0.6614849427675916,0.012227184532898616
NSW,nsw14,1,0.6490855443680325,0.6620360271409054,0.012950482772872918
NSW,nsw14,2,0.6495218194969059,0.6630119057186484,0.013490086221742525
NSW,nsw15,0,0.7843352008649619,0.7835909965317269,-0.0007442043332349657
NSW,nsw15,1,0.7843211592737689,0.785556819298763,0.0012356600249940897
NSW,nsw15,2,0.7841947849530309,0.7851215299717765,0.0009267450187456783
NSW,nsw16,0,0.6462762589523153,0.6447003700524828,-0.0015758888998325116
NSW,nsw16,1,0.6464662098464916,0.6456993710514837,-0.0007668387950079403
NSW,nsw16,2,0.646283294170618,0.6473878234441615,0.0011045292735434309
NSW,nsw17,0,0.5366430260047281,0.5639081147284173,0.027265088723689157
NSW,nsw17,1,0.5365148537412059,0.5637016149705204,0.027186761229314516
NSW,nsw17,2,0.5364721296533652,0.5656313196046598,0.02915918995129463
NSW,nsw18,0,0.6411551292743954,0.6351098137336669,-0.006045315540728513
NSW,nsw18,1,0.6411815401723658,0.63879760911871,-0.0023839310536558633
NSW,nsw18,2,0.6412232415902142,0.6390019460661663,-0.002221295524047817
NSW,nsw19,0,0.9619009866102888,0.972339675828048,0.010438689217759256
NSW,nsw19,1,0.9619450317124736,0.9729122621564484,0.010967230443974851
NSW,nsw19,2,0.9620331219168428,0.9738372093023256,0.011804087385482886
NSW,nsw20,0,0.6557966209585443,0.7188022173301859,0.0630055963716416
NSW,nsw20,1,0.6477733867331512,0.6960454075272525,0.04827202079410131
NSW,nsw20,2,0.6504654802005145,0.7243853274275256,0.07391984722701106
NSW,nsw21,0,0.9027011250265335,0.9027188141229746,1.7689096441064756e-05
NSW,nsw21,1,0.9026392131889904,0.9005253661642963,-0.002113847024694082
NSW,nsw21,2,0.9026569022854314,0.8957139319323569,-0.006942970353074451
NSW,nsw22,0,0.8654368932038835,0.8330420711974109,-0.03239482200647259
NSW,nsw22,1,0.8721359223300971,0.8224271844660194,-0.0497087378640777
NSW,nsw22,2,0.8674433656957928,0.8242394822006474,-0.04320388349514548
NSW,nsw23,0,0.7601005747126437,0.7137238766980146,-0.04637669801462907
NSW,nsw23,1,0.7601580459770115,0.7168194879832811,-0.04333855799373043
NSW,nsw23,2,0.7602455590386623,0.7277991118077325,-0.03244644723092982
NSW,nsw24,0,0.7043461016715333,0.6874698227300946,-0.016876278941438727
NSW,nsw24,1,0.7038661393787506,0.6979772607086197,-0.0058888786701309925
NSW,nsw24,2,0.7042368886947324,0.6928701170303267,-0.011366771664405695
NSW,nsw25,0,0.6488846874349545,0.6624488309165336,0.013564143481579083
NSW,nsw25,1,0.6488673419829322,0.6630790490066838,0.01421170702375163
NSW,nsw25,2,0.6489656328777261,0.6683405027868359,0.01937486990910975
NSW,nsw26,0,0.6728110599078341,0.6708360763660304,-0.0019749835418036987
NSW,nsw26,1,0.6732499451393461,0.6339697169190256,-0.03928022822032051
NSW,nsw26,2,0.673140223831468,0.653170945797674,-0.019969278033794002
NSW,nsw27,0,0.540881190178943,0.5450192467748648,0.004138056595921813
NSW,nsw27,1,0.5409514148980441,0.5451622971285892,0.00421088223054511
NSW,nsw27,2,0.5408681856013317,0.5468294839783604,0.005961298377028745
NSW,nsw28,0,0.6748108139899623,0.6464990785759096,-0.02831173541405274
NSW,nsw28,1,0.6747765056461732,0.6438058735884568,-0.03097063205771644
NSW,nsw28,2,0.6747887586260979,0.6455678521016311,-0.02922090652446674
NSW,nsw29,0,0.7302263533866942,0.5712625871417506,-0.15896376624494357
NSW,nsw29,1,0.7304415182029435,0.5679060160082623,-0.16253550219468116
NSW,nsw29,2,0.7301402874601944,0.5724675101127463,-0.1576727773474481
NSW,nsw31,0,0.5457527172898069,0.5307982855862249,-0.014954431703582016
NSW,nsw31,1,0.5457550517312217,0.5276934785044634,-0.018061573226758387
NSW,nsw31,2,0.5457667239382961,0.5289890934897098,-0.016777630448586267
NSW,nsw32,0,0.7683831320194957,0.7638270820089001,-0.004556050010595558
NSW,nsw32,1,0.7685244048880413,0.7619198982835347,-0.006604506604506621
NSW,nsw32,2,0.768418450236632,0.761248852157943,-0.007169598078688999
NSW,nsw33,0,0.533848580132632,0.5195176663042307,-0.014330913828401348
NSW,nsw33,1,0.5338804157238434,0.520835170002057,-0.013045245721786336
NSW,nsw33,2,0.5339685758225827,0.5226546964843711,-0.011313879338211597
NSW,nsw34,0,0.6110046004156034,0.5832751404036685,-0.027729460011934992
NSW,nsw34,1,0.6111019413161336,0.591219004329554,-0.019882936986579614
NSW,nsw34,2,0.611089244676934,0.5840030810511124,-0.027086163625821613
NSW,nsw35,0,0.3947539636338733,0.4636167517035922,0.0688627880697189
NSW,nsw35,1,0.3944800191761121,0.4280724583090778,0.033592439132965723
NSW,nsw35,2,0.3940691024894702,0.4239975344998801,0.0299284320104099
NSW,nsw36,0,0.8562480474851609,0.8855201499531397,0.029272102467978733
NSW,nsw36,1,0.8539050296782256,0.893611371446423,0.03970634176819743
NSW,nsw36,2,0.8566541705716963,0.8944860980943455,0.03783192752264919
NSW,nsw37,0,0.5625061710110585,0.6013094885466035,0.038803317535545
NSW,nsw37,1,0.5628887736966824,0.601796998420221,0.03890822472353861
NSW,nsw37,2,0.5628270635860979,0.5997914198262243,0.036964356240126395
NSW,nsw38,0,0.4090554833920949,0.3650893796004205,-0.04396610379167443
NSW,nsw38,1,0.4086967279025175,0.3289540421846972,-0.07974268571782028
NSW,nsw38,2,0.4088575493288798,0.2973588173439723,-0.1114987319849075
NSW,nsw39,0,0.621402053528434,0.6223457135312301,0.0009436600027961095
NSW,nsw39,1,0.621437003898908,0.6232777234105349,0.0018407195116268982
NSW,nsw39,2,0.6214447706479022,0.622718517482952,0.0012737468350498826
NSW,nsw40,0,0.6392572507745543,0.6229391506852697,-0.016318100089284582
NSW,nsw40,1,0.6393313117431895,0.6232600815493556,-0.01607123019383383
NSW,nsw40,2,0.6394259452031122,0.6250498882913723,-0.014376056911739932
NSW,nsw41,0,0.6147720249132316,0.5983454571387818,-0.01642656777444973
NSW,nsw41,1,0.6147641008573828,0.5819426615318785,-0.0328214393255043
NSW,nsw41,2,0.6148591895275677,0.5966338610754529,-0.018225328452114775
NSW,nsw42,0,0.8842541436464089,0.7939226519337017,-0.09033149171270716
NSW,nsw42,1,0.8845303867403315,0.7635359116022099,-0.12099447513812156
NSW,nsw42,2,0.8848066298342541,0.6486187845303868,-0.23618784530386727
NSW,nsw43,0,0.6426166426166426,0.6295828656939768,-0.01303377692266583
NSW,nsw43,1,0.6426166426166426,0.6324755491422157,-0.010141093474426932
NSW,nsw43,2,0.6426233231788787,0.639176153065042,-0.0034471701138366617
NSW,nsw44,0,0.994074074074074,0.9623456790123456,-0.03172839506172842
NSW,nsw44,1,0.994074074074074,0.965925925925926,-0.028148148148148033
NSW,nsw44,2,0.994074074074074,0.9612345679012344,-0.032839506172839594
NSW,nsw45,0,0.7002481249647549,0.6298990582529747,-0.0703490667117802
NSW,nsw45,1,0.6998909753942743,0.6219947743378635,-0.07789620105641071
NSW,nsw45,2,0.7000319554878851,0.6203030132145341,-0.07972894227335103
NSW,nsw46,0,0.9774909589724404,0.9341563786008232,-0.04333458037161719
NSW,nsw46,1,0.9773039032298292,0.9326599326599326,-0.04464397056989655
NSW,nsw46,2,0.9773039032298292,0.936525751340566,-0.04077815188926315
NSW,nsw47,0,0.9246044179852736,0.9246827510574964,7.833307222282482e-05
NSW,nsw47,1,0.924643584521385,0.9138336205545984,-0.010809963966786573
NSW,nsw47,2,0.9246827510574964,0.9029061569794768,-0.021776594078019573
NSW,nsw48,0,0.900862318421205,0.8961890155680305,-0.004673302853174466
NSW,nsw48,1,0.9008767868510908,0.8967098790439262,-0.004166907807164666
NSW,nsw48,2,0.900833381561433,0.9000954916372476,-0.000737889924185442
NSW,nsw49,0,0.7554851859426903,0.7558307649991889,0.00034557905649856835
NSW,nsw49,1,0.7555980280835879,0.7512747635604516,-0.00432326452313625
NSW,nsw49,2,0.7555345543793329,0.7539406591391555,-0.0015938952401773898
NSW,nsw50,0,0.7989096347758962,0.8100545182612051,0.011144883485308954
NSW,nsw50,1,0.798861388527042,0.808993100786414,0.010131712259371928
NSW,nsw50,2,0.7989096347758962,0.8100062720123511,0.011096637236454931
NSW,nsw51,0,0.7481703260146373,0.8040585495675316,0.055888223552894356
NSW,nsw51,1,0.7481703260146373,0.8127079174983367,0.06453759148369942
NSW,nsw51,2,0.7481703260146373,0.8018962075848304,0.05372588157019309
NSW,nsw52,0,0.8050253423918905,0.8096193249218161,0.0045939825299256
NSW,nsw52,1,0.8048815557712354,0.8094252129839318,0.004543657212696339
NSW,nsw52,2,0.8050900463711852,0.8096121355907833,0.004522089219598069
NSW,nsw53,0,0.6890550081171896,0.7166156982670744,0.027560690149884826
NSW,nsw53,1,0.6893947974478045,0.7211462226752747,0.03175142522747021
NSW,nsw53,2,0.6890550081171896,0.7136708574017443,0.024615849284554736
NSW,nsw54,0,0.5479706223424816,0.5424816389640511,-0.005488983378430512
NSW,nsw54,1,0.5479706223424816,0.5451101662156939,-0.002860456126787758
NSW,nsw54,2,0.5482025512176266,0.5442597603401623,-0.003942790877464297
NZ,nz01,0,0.8307728274664351,0.8021937650886952,-0.028579062377739883
NZ,nz01,1,0.8299736633682261,0.8706777547703337,0.04070409140210762
NZ,nz01,2,0.8308905153137335,0.8496863777907129,0.018795862476979397
NZ,nz02,0,0.7488411800687487,0.7183828047602925,-0.030458375308456187
NZ,nz02,1,0.7487990168416037,0.7252076740974825,-0.023591342744121113
NZ,nz02,2,0.7487559479271605,0.7288331821532228,-0.0199227657739377
NZ,nz03,0,0.6328959073377523,0.6306011456499603,-0.0022947616877919685
NZ,nz03,1,0.6328629961693837,0.6337750012128374,0.0009120050434536786
NZ,nz03,2,0.6327189183878598,0.6302990942602679,-0.0024198241275918964
NZ,nz04,0,0.8102633144416326,0.824137540229921,0.013874225788288452
NZ,nz04,1,0.8104488486555053,0.8225098711343956,0.012061022478890293
NZ,nz04,2,0.8106752231215302,0.8231470180252901,0.012471794903759936
NZ,nz05,0,0.7277778447308552,0.7238948690966636,-0.003882975634191599
NZ,nz05,1,0.727746888396828,0.7229807227120255,-0.004766165684802481
NZ,nz05,2,0.7276030095864757,0.7212385625350364,-0.006364447051439348
NZ,nz06,0,0.6375083439267778,0.6493978141495609,0.011889470222783083
NZ,nz06,1,0.6369881455131615,0.6444010139193678,0.007412868406206252
NZ,nz06,2,0.6370706620070276,0.6494923472103766,0.012421685203349075
NZ,nz07,0,0.893800637982418,0.9031657007073718,0.009365062724953743
NZ,nz07,1,0.8935497880879997,0.903112036302098,0.009562248214098346
NZ,nz07,2,0.8936458848137221,0.9048118251389036,0.011165940325181478
NZ,nz08,0,0.7803385775790307,0.7521771122232314,-0.02816146535579933
NZ,nz08,1,0.7802505880832414,0.7512791171281403,-0.02897147095510111
NZ,nz08,2,0.7802544690135598,0.7520761428092345,-0.028178326204325255
NZ,nz09,0,0.7904686055077507,0.7863878015234872,-0.00408080398426347
NZ,nz09,1,0.7907245282205608,0.7767026574818576,-0.014021870738703202
NZ,nz09,2,0.7902996230466606,0.7917837298788419,0.0014841068321813644
NZ,nz10,0,0.617390935872513,0.6219324709688038,0.004541535096290739
NZ,nz10,1,0.6159550723594212,0.6226215547418478,0.0066664823824266195
NZ,nz10,2,0.6148177600293483,0.6219285602858033,0.007110800256455052
NZ,nz11,0,0.7957320003562711,0.828159434148535,0.03242743379226387
NZ,nz11,1,0.7963846991656189,0.8281464374459524,0.03176173828033346
NZ,nz11,2,0.7962780821478247,0.8255081802494324,0.029230098101607704
NZ,nz12,0,0.5408699461637518,0.5081205917178143,-0.03274935444593752
NZ,nz12,1,0.5408028550117674,0.5378684668639868,-0.0029343881477805756
NZ,nz12,2,0.5408221334773675,0.5173869622595798,-0.02343517121778771
NZ,nz13,0,0.7131953002683574,0.6267370347196151,-0.08645826554874236
NZ,nz13,1,0.7137798022775622,0.6102819894603652,-0.10349781281719705
NZ,nz13,2,0.713398128450062,0.6191727026237851,-0.09422542582627691
NZ,nz14,0,0.4350607517101743,0.4785772608731319,0.04351650916295763
NZ,nz14,1,0.4350606905639487,0.4960592969680913,0.06099860640414262
NZ,nz14,2,0.4348562420439588,0.4795872497694665,0.0447310077255077
NZ,nz15,0,0.9066720600462932,0.8093140669827787,-0.09735799306351445
NZ,nz15,1,0.9069288876475554,0.8631783057725213,-0.04375058187503411
NZ,nz15,2,0.9068368577571032,0.8423142735149747,-0.06452258424212853
NZ,nz16,0,0.5575877005013963,0.5503536248059007,-0.007234075695495612
NZ,nz16,1,0.557624501906741,0.5068446791080563,-0.05077982279868465
NZ,nz16,2,0.5575851519276189,0.5139524984586226,-0.04363265346899636
NZ,nz17,0,0.666745517970831,0.6614487366823079,-0.005296781288523178
NZ,nz17,1,0.6672218301965198,0.6595923781587462,-0.007629452037773654
NZ,nz17,2,0.6667988891925019,0.6620448881757893,-0.004754001016712528
NZ,nz18,0,0.9450047412839396,0.9395739692975524,-0.005430771986387195
NZ,nz18,1,0.9449972605915016,0.9394791436187586,-0.005518116972742959
NZ,nz18,2,0.9450311871121369,0.9408976304116488,-0.004133556700488095
NZ,nz19,0,0.6549954967248908,0.6557703329694323,0.0007748362445415546
NZ,nz19,1,0.6550524699781659,0.6567647379912663,0.0017122680131004264
NZ,nz19,2,0.6550329557860262,0.6518289437772925,-0.0032040120087336588
NZ,nz20,0,0.9440144855713852,0.9381284290021346,-0.005886056569250675
NZ,nz20,1,0.943957809941198,0.9374167225270224,-0.006541087414175695
NZ,nz20,2,0.9440210077669228,0.9378605691785104,-0.00616043858841242
NZ,nz21,0,0.727960147825131,0.7029633901742917,-0.024996757650839307
NZ,nz21,1,0.7279763920594025,0.691057795945907,-0.03691859611349546
NZ,nz21,2,0.7280007584108096,0.6925098355589667,-0.035490922851842854
NZ,nz22,0,0.6059751039435596,0.6265758476738132,0.020600743730253668
NZ,nz22,1,0.606008256267305,0.6276556999672177,0.021647443699912672
NZ,nz22,2,0.6058633625008161,0.6255511180089643,0.019687755508148275
NZ,nz23,0,0.5191218912075449,0.5051028090802036,-0.014019082127341376
NZ,nz23,1,0.5191463165806065,0.5075508165478356,-0.011595500032770878
NZ,nz23,2,0.5191192462943013,0.5037090399868603,-0.015410206307440943
NZ,nz24,0,0.7432301504022385,0.7667121371108779,0.023481986708639435
NZ,nz24,1,0.7431392095138161,0.7861944735921651,0.04305526407834903
NZ,nz24,2,0.7430290311297656,0.7751748863238894,0.03214585519412383
NZ,nz25,0,0.8472873069588813,0.8495207593738211,0.002233452414939774
NZ,nz25,1,0.8473296753799628,0.845459318138437,-0.001870357241525844
NZ,nz25,2,0.847294441537561,0.8485782266488806,0.0012837851113196574
NZ,nz26,0,0.8918626872420401,0.7772862243085985,-0.11457646293344159
NZ,nz26,1,0.8918782638571794,0.7796556499943479,-0.1122226138628315
NZ,nz26,2,0.8916586335837163,0.7912782526420163,-0.10038038094169999
NZ,nz27,0,0.5806382566818138,0.5772500840558916,-0.00338817262592217
NZ,nz27,1,0.5807422059690662,0.5804532732844891,-0.0002889326845770812
NZ,nz27,2,0.5805242347892076,0.5789082363492527,-0.0016159984399548577
NZ,nz28,0,0.6298786856637295,0.6268737842511215,-0.0030049014126080076
NZ,nz28,1,0.6296991523135078,0.6323297723349758,0.0026306200214679665
NZ,nz28,2,0.6288212646603055,0.6319030002609319,0.003081735600626412
NZ,nz29,0,0.6825621000115808,0.6539499855671813,-0.028612114444399483
NZ,nz29,1,0.682558173352996,0.6562275978491381,-0.026330575503857867
NZ,nz29,2,0.6825653503079214,0.6519395927352382,-0.030625757572683265
NZ,nz30,0,0.7907967746046033,0.7738578695354196,-0.01693890506918372
NZ,nz30,1,0.7910230321425988,0.7748320546627374,-0.016190977479861424
NZ,nz30,2,0.7908264272110592,0.7734366946125932,-0.01738973259846599
NZ,nz31,0,0.9271269633507851,0.9333102094240838,0.006183246073298676
NZ,nz31,1,0.9268311518324608,0.93107722513089,0.004246073298429187
NZ,nz31,2,0.926859947643979,0.9324541884816754,0.005594240837696329
NZ,nz32,0,0.7547288232770705,0.7582232672110015,0.0034944439339310573
NZ,nz32,1,0.7546226331681802,0.7579049947527986,0.003282361584618365
NZ,nz32,2,0.7547546385443089,0.7541637171482729,-0.0005909213960360038
NZ,nz33,0,0.8343314999575153,0.8048741866005006,-0.029457313357014736
NZ,nz33,1,0.8343377836630499,0.8047366432682417,-0.029601140394808212
NZ,nz33,2,0.8342513478024729,0.8105554244122937,-0.02369592339017923
NZ,nz34,0,0.5751190638840156,0.5503729801860447,-0.024746083697970822
NZ,nz34,1,0.5750340254494645,0.5490340278676189,-0.02599999758184557
NZ,nz34,2,0.575155940740705,0.5493804285050444,-0.025775512235660547
NZ,nz35,0,0.8112673297306567,0.6755953567789872,-0.13567197295166955
NZ,nz35,1,0.8114399451145945,0.6863878691362442,-0.12505207597835033
NZ,nz35,2,0.8112147570790984,0.6834925548658429,-0.12772220221325548
NZ,nz36,0,0.6488083709953667,0.6243475324022316,-0.02446083859313508
NZ,nz36,1,0.6486640207573049,0.6234725898043871,-0.02519143095291776
NZ,nz36,2,0.6490140501533009,0.6248539303151159,-0.024160119838185
NZ,nz37,0,0.5043484878982503,0.4880633604720392,-0.016285127426211077
NZ,nz37,1,0.504504102618087,0.4847281637144938,-0.019775938903593193
NZ,nz37,2,0.5044188603594433,0.4862571018345425,-0.018161758524900762
NZ,nz38,0,0.8298072029652354,0.827543761186564,-0.002263441778671327
NZ,nz38,1,0.8298316136116264,0.8231681736491738,-0.006663439962452555
NZ,nz38,2,0.8298456934725139,0.8272021371062696,-0.0026435563662443595
NZ,nz39,0,0.6840003746798947,0.5683211324223532,-0.11567924225754156
NZ,nz39,1,0.6837749316923624,0.5893317838097006,-0.09444314788266173
NZ,nz39,2,0.6835780659849399,0.590697142748277,-0.09288092323666286
NZ,nz40,0,0.6399505194665124,0.7176566401208765,0.07770612065436411
NZ,nz40,1,0.6397448171807812,0.7221800606804246,0.08243524349964337
NZ,nz40,2,0.6395110486764118,0.7198147993520834,0.08030375067567153
NZ,nz41,0,0.982873427672956,0.9674816561844864,-0.015391771488469597
NZ,nz41,1,0.9828079140461216,0.9644116876310272,-0.018396226415094308
NZ,nz41,2,0.9828131551362684,0.9626899895178196,-0.020123165618448846
NZ,nz42,0,0.5577573118492636,0.5450955651247948,-0.012661746724468737
NZ,nz42,1,0.5578536744106621,0.5485983577638911,-0.009255316646771039
NZ,nz42,2,0.5578182972231485,0.5487740451300788,-0.009044252093069693
NZ,nz43,0,0.6596648264060481,0.6551792608689346,-0.004485565537113434
NZ,nz43,1,0.660106578197318,0.6534713770496556,-0.006635201147662362
NZ,nz43,2,0.6601221956848882,0.6549818112046548,-0.005140384480233351
NZ,nz44,0,0.8615138595324481,0.8343655277465009,-0.027148331785947222
NZ,nz44,1,0.8618027049628298,0.8331315256350319,-0.028671179327797947
NZ,nz44,2,0.8619159165684461,0.8445146474922467,-0.017401269076199433
NZ,nz45,0,0.8893833704150342,0.9004377953361972,0.01105442492116293
NZ,nz45,1,0.8888857112139619,0.9000778353819627,0.011192124168000861
NZ,nz45,2,0.8892460242431882,0.9007481482540708,0.011502124010882575
NZ,nz46,0,0.8851069602718991,0.8777430287797866,-0.007363931492112452
NZ,nz46,1,0.8849403554870097,0.8725187787393254,-0.012421576747684293
NZ,nz46,2,0.885118860613677,0.8820414322299336,-0.0030774283837433636
NZ,nz47,0,0.7923850246750697,0.7922103570618787,-0.0001746676131909597
NZ,nz47,1,0.7927270365111901,0.7934578775711758,0.0007308410599856652
NZ,nz47,2,0.7925727222163889,0.7938662041327508,0.001293481916361916
NZ,nz48,0,0.6713318314229975,0.6579843761096426,-0.013347455313354906
NZ,nz48,1,0.6713548456599251,0.6699365393214279,-0.001418306338497155
NZ,nz48,2,0.6712786457065585,0.6574008140376234,-0.013877831668935081
NZ,nz49,0,0.9145113977362463,0.8873109765727824,-0.027200421163463995
NZ,nz49,1,0.9138952355883128,0.8781451961042378,-0.03575003948407496
NZ,nz49,2,0.9135191366148984,0.8841964727559884,-0.029322663858909914
NZ,nz50,0,0.7717996699547364,0.7629755152026546,-0.008824154752081759
NZ,nz50,1,0.7715327950398932,0.7553696375467742,-0.01616315749311903
NZ,nz50,2,0.7717088934400276,0.7486444815601664,-0.02306441187986119
NZ,nz51,0,0.6988865628160478,0.689621678538651,-0.009264884277396801
NZ,nz51,1,0.6990982680441313,0.6883127112497933,-0.010785556794338014
NZ,nz51,2,0.699165576499799,0.6983883651869162,-0.0007772113128828861
NZ,nz52,0,0.8404173308778748,0.8271349507331193,-0.013282380144755579
NZ,nz52,1,0.8403800622599438,0.8280235743419153,-0.012356487918028458
NZ,nz52,2,0.840377732971323,0.8267936128964947,-0.013584120074828343
SA,sa01,0,0.5450121654501217,0.5153284671532847,-0.029683698296836925
SA,sa01,1,0.5450121654501217,0.5046228710462286,-0.04038929440389305
SA,sa01,2,0.5440389294403892,0.4997566909975668,-0.04428223844282242
SA,sa02,0,0.641051567239636,0.6525109538254128,0.011459386585776832
SA,sa02,1,0.6400404448938322,0.6521739130434783,0.01213346814964611
SA,sa02,2,0.6420626895854398,0.6528479946073475,0.010785305021907776
SA,sa03,0,0.8776041666666667,0.8828125,0.005208333333333259
SA,sa03,1,0.8776041666666667,0.8880208333333333,0.010416666666666519
SA,sa03,2,0.8776041666666667,0.8854166666666667,0.0078125
SA,sa04,0,0.9487179487179488,0.9401709401709402,-0.008547008547008628
SA,sa04,1,0.9487179487179488,0.9448329448329448,-0.0038850038850040125
SA,sa04,2,0.9487179487179488,0.9432789432789432,-0.005439005439005551
SA,sa05,0,0.9152709359605912,0.930049261083744,0.014778325123152802
SA,sa05,1,0.9152709359605912,0.9261083743842364,0.010837438423645263
SA,sa05,2,0.9152709359605912,0.9330049261083744,0.017733990147783207
SA,sa06,0,0.9428571428571428,0.9428571428571428,0.0
SA,sa06,1,0.9428571428571428,0.9428571428571428,0.0
SA,sa06,2,0.9428571428571428,0.9408866995073892,-0.0019704433497536034
SA,sa07,0,0.8854166666666666,0.7508680555555556,-0.13454861111111105
SA,sa07,1,0.8854166666666666,0.7204861111111112,-0.16493055555555547
SA,sa07,2,0.8854166666666666,0.7569444444444444,-0.1284722222222222
SA,sa08,0,0.9869791666666666,0.9661458333333331,-0.02083333333333348
SA,sa08,1,0.9869791666666666,0.9722222222222222,-0.01475694444444442
SA,sa08,2,0.9869791666666666,0.9722222222222222,-0.01475694444444442
SA,sa09,0,0.8767605633802817,0.8492957746478873,-0.02746478873239444
SA,sa09,1,0.8767605633802817,0.8471830985915493,-0.029577464788732466
SA,sa09,2,0.8767605633802817,0.8450704225352113,-0.03169014084507049
SA,sa10,0,0.5890103728623493,0.6049901878329128,0.015979814970563555
SA,sa10,1,0.5884496776002243,0.6047098402018503,0.016260162601625994
SA,sa10,2,0.5884496776002243,0.6226520885898514,0.034202410989627174
SA,sa11,0,0.8350694444444445,0.8480902777777778,0.01302083333333326
SA,sa11,1,0.8350694444444445,0.8532986111111112,0.01822916666666663
SA,sa11,2,0.8359375,0.8506944444444444,0.01475694444444442
SA,sa12,0,0.7941605839416058,0.7664233576642336,-0.027737226277372184
SA,sa12,1,0.7941605839416058,0.7683698296836983,-0.025790754257907555
SA,sa12,2,0.7946472019464721,0.7761557177615572,-0.018491484184914864
SA,sa13,0,0.8694638694638694,0.8756798756798756,0.0062160062160061536
SA,sa13,1,0.8702408702408703,0.8609168609168609,-0.009324009324009341
SA,sa13,2,0.8694638694638694,0.8632478632478633,-0.0062160062160061536
SA,sa14,0,0.8532019704433498,0.8266009852216749,-0.026600985221674867
SA,sa14,1,0.852216748768473,0.8502463054187193,-0.0019704433497537144
SA,sa14,2,0.852216748768473,0.8394088669950739,-0.012807881773399088
SA,sa15,0,0.6233576642335766,0.5990267639902677,-0.024330900243308973
SA,sa15,1,0.6233576642335766,0.5897810218978101,-0.033576642335766516
SA,sa15,2,0.6228710462287104,0.5970802919708029,-0.025790754257907444
SA,sa16,0,0.8236453201970443,0.8423645320197044,0.01871921182266012
SA,sa16,1,0.8206896551724138,0.8088669950738916,-0.011822660098522175
SA,sa16,2,0.8226600985221675,0.7980295566502463,-0.024630541871921152
SA,sa17,0,0.8484848484848485,0.8343004513217279,-0.014184397163120588
SA,sa17,1,0.8478401031592521,0.8317214700193423,-0.0161186331399098
SA,sa17,2,0.8484848484848485,0.836234687298517,-0.012250161186331487
SA,sa18,0,0.777601899485556,0.6952908587257618,-0.08231104075979423
SA,sa18,1,0.7712702809655718,0.6893549663632766,-0.08191531460229518
SA,sa18,2,0.7752275425405619,0.6905421448357737,-0.08468539770478822
SA,sa19,0,0.8383838383838385,0.8593628593628594,0.020979020979020935
SA,sa19,1,0.8383838383838385,0.8523698523698524,0.013986013986013957
SA,sa19,2,0.8383838383838385,0.8523698523698524,0.013986013986013957
SA,sa20,0,0.745774647887324,0.8091549295774648,0.06338028169014087
SA,sa20,1,0.7471830985915493,0.7633802816901408,0.016197183098591528
SA,sa20,2,0.745774647887324,0.7936619718309859,0.04788732394366191
SA,sa21,0,0.7769784172661871,0.7758716104039846,-0.0011068068622025473
SA,sa21,1,0.7769784172661871,0.7769784172661871,0.0
SA,sa21,2,0.7769784172661871,0.7731045932484781,-0.003873824017708971
SA,sa22,0,0.8749194068343004,0.8910380399742102,0.0161186331399098
SA,sa22,1,0.8749194068343004,0.8897485493230174,0.014829142488717029
SA,sa22,2,0.8755641521598968,0.8865248226950355,0.010960670535138717
SA,sa23,0,0.861111111111111,0.8567708333333334,-0.004340277777777679
SA,sa23,1,0.8619791666666666,0.8585069444444444,-0.00347222222222221
SA,sa23,2,0.8619791666666666,0.8567708333333333,-0.00520833333333337
SA,sa24,0,0.7393675027262814,0.7342784442021082,-0.0050890585241731845
SA,sa24,1,0.7400945110868775,0.7360959651035986,-0.003998545983278867
SA,sa24,2,0.7400945110868775,0.7328244274809159,-0.007270083605961597
SA,sa25,0,0.735042735042735,0.7008547008547008,-0.03418803418803418
SA,sa25,1,0.7358197358197358,0.6977466977466977,-0.03807303807303808
SA,sa25,2,0.7358197358197357,0.6868686868686869,-0.04895104895104885
SA,sa26,0,0.6391111111111111,0.6927407407407407,0.05362962962962958
SA,sa26,1,0.6391111111111111,0.6885925925925924,0.04948148148148135
SA,sa26,2,0.6391111111111111,0.6912592592592592,0.052148148148148166
SA,sa27,0,0.8741258741258742,0.8624708624708626,-0.011655011655011593
SA,sa27,1,0.8733488733488735,0.8749028749028749,0.0015540015540014274
SA,sa27,2,0.8733488733488735,0.885003885003885,0.011655011655011593
SA,sa28,0,0.6978873239436619,0.7352112676056338,0.03732394366197189
SA,sa28,1,0.6971830985915493,0.743661971830986,0.04647887323943678
SA,sa28,2,0.6978873239436619,0.7408450704225352,0.04295774647887329
SA,sa29,0,0.7552447552447552,0.7622377622377622,0.006993006993006978
SA,sa29,1,0.7552447552447552,0.7738927738927739,0.018648018648018683
SA,sa29,2,0.7544677544677545,0.7777777777777778,0.023310023310023298
SA,sa30,0,0.5990147783251232,0.594088669950739,-0.0049261083743842304
SA,sa30,1,0.5891625615763547,0.5832512315270936,-0.005911330049261143
SA,sa30,2,0.5881773399014779,0.5832512315270936,-0.0049261083743843415
SWI,swi01,0,0.8400601164969405,0.839167614831755,-0.0008925016651855078
SWI,swi01,1,0.8400695509754307,0.840048795122752,-2.0755852678688846e-05
SWI,swi01,2,0.8400459647792049,0.838972321127005,-0.0010736436521998627
SWI,swi02,0,0.7515997886061476,0.7514474606831614,-0.00015232792298625064
SWI,swi02,1,0.7513700877698983,0.7521362177771176,0.0007661300072192567
SWI,swi02,2,0.7515027270497777,0.7512996231524627,-0.00020310389731503786
SWI,swi03,0,0.6986506211822654,0.7056814598460992,0.007030838663833805
SWI,swi03,1,0.6985229174663012,0.7089939087467771,0.010470991280475905
SWI,swi03,2,0.6987476474692549,0.7043716049717411,0.005623957502486232
SWI,swi04,0,0.869847271837783,0.8710524840621512,0.0012052122243682017
SWI,swi04,1,0.8699050268985703,0.8709599060970659,0.0010548791984955619
SWI,swi04,2,0.8698786973855644,0.87056156604546,0.0006828686598955303
SWI,swi05,0,0.984606133493686,0.9703318729776936,-0.014274260515992343
SWI,swi05,1,0.9846490851301434,0.9656902327978696,-0.01895885233227379
SWI,swi05,2,0.9846319044755606,0.9644933138619248,-0.020138590613635765
SWI,swi06,0,0.7096808731642616,0.7058093605149045,-0.003871512649357145
SWI,swi06,1,0.7096466564956679,0.7061121874321425,-0.0035344690635253917
SWI,swi06,2,0.7096561976821026,0.706106124313669,-0.003550073368433604
SWI,swi07,0,0.909914510568172,0.9097718901620444,-0.00014262040612755822
SWI,swi07,1,0.9099135904365196,0.90954369751224,-0.0003698929242796911
SWI,swi07,2,0.9099531560975744,0.9097355449617732,-0.00021761113580121005
SWI,swi08,0,0.8513528783785684,0.8532382638273324,0.001885385448763932
SWI,swi08,1,0.8513020943255525,0.8532956432119089,0.001993548886356389
SWI,swi08,2,0.8513234192309315,0.8531377949432273,0.0018143757122958126
SWI,swi09,0,0.7891572754921824,0.7884674559360506,-0.0006898195561317877
SWI,swi09,1,0.7891340458438793,0.7884916955690625,-0.0006423502748167387
SWI,swi09,2,0.789215517943725,0.7883546743102309,-0.0008608436334941461
SWI,swi10,0,0.7579115362753287,0.7588417076412219,0.0009301713658932398
SWI,swi10,1,0.7578305156148062,0.7590120457488198,0.0011815301340135642
SWI,swi10,2,0.7578550673301161,0.7597637515427367,0.0019086842126205816
SWI,swi11,0,0.8587104186559228,0.8597196022264141,0.00100918357049129
SWI,swi11,1,0.8584571523944821,0.8596215949758185,0.0011644425813364112
SWI,swi11,2,0.8585017893601,0.8598670982867168,0.0013653089266167928
SWI,swi12,0,0.6814470129090363,0.6770039027319124,-0.0044431101771239545
SWI,swi12,1,0.681542079455619,0.6832282597818474,0.0016861803262284702
SWI,swi12,2,0.6814920444311018,0.6840838587010908,0.0025918142699890012
SWI,swi13,0,0.7470071663267084,0.7470419220175817,3.475569087330044e-05
SWI,swi13,1,0.7466615427875826,0.7466694561143533,7.91332677074763e-06
SWI,swi13,2,0.74715338302363,0.7472780628823519,0.0001246798587218878
SWI,swi14,0,0.8004853879991808,0.7988361552381503,-0.0016492327610304613
SWI,swi14,1,0.8002254355081295,0.7990699653585296,-0.0011554701495999353
SWI,swi14,2,0.8003272889003569,0.7989696963524036,-0.0013575925479533124
SWI,swi15,0,0.7904631111070822,0.7762448008968217,-0.014218310210260543
SWI,swi15,1,0.790380016105322,0.7845104873446311,-0.005869528760690912
SWI,swi15,2,0.7904049446058503,0.776905783865368,-0.013499160740482297
SWI,swi16,0,0.837806749475535,0.8394408164017363,0.001634066926201272
SWI,swi16,1,0.8377730573739639,0.8389441211231051,0.0011710637491412212
SWI,swi16,2,0.8377733205935073,0.8395697939780633,0.0017964733845560188
SWI,swi17,0,0.9826471828017423,0.9803793064225832,-0.0022678763791591505
SWI,swi17,1,0.982713422589775,0.9778899616612136,-0.004823460928561452
SWI,swi17,2,0.9826799681513744,0.980093940063028,-0.0025860280883464037
SWI,swi18,0,0.9306290485323228,0.90781092343123,-0.022818125101092712
SWI,swi18,1,0.9310141645677844,0.90585838513144,-0.025155779436344394
SWI,swi18,2,0.9313338108772172,0.9061741802805184,-0.02515963059669879
SWI,swi19,0,0.871675636961124,0.8571511327849342,-0.01452450417618989
SWI,swi19,1,0.8705644439295156,0.8720600781521546,0.0014956342226389863
SWI,swi19,2,0.8719863497045596,0.8734556523387715,0.0014693026342119664
SWI,swi20,0,0.7548106460329642,0.748080930819573,-0.006729715213391163
SWI,swi20,1,0.7548557203905031,0.747761622555663,-0.007094097834840052
SWI,swi20,2,0.7549913222392335,0.7473756496957291,-0.00761567254350437
SWI,swi21,0,0.7231887468441253,0.7249659785765363,0.0017772317324110665
SWI,swi21,1,0.7232206704318259,0.7249673467302948,0.0017466762984689188
SWI,swi21,2,0.7231955876129184,0.7258862900048159,0.0026907023918975037
SWI,swi22,0,0.8553929541112941,0.8573049369509547,0.001911982839660542
SWI,swi22,1,0.8551615712128376,0.8565269538720867,0.0013653826592490148
SWI,swi22,2,0.8554773473906827,0.8568963840553709,0.0014190366646882335
SWI,swi23,0,0.770476150046068,0.7738663842847215,0.003390234238653589
SWI,swi23,1,0.7705105830338135,0.7721436342996582,0.001633051265844676
SWI,swi23,2,0.7704897502900863,0.7730655421701901,0.002575791880103817
SWI,swi24,0,0.6452406025872677,0.6525859743638063,0.007345371776538601
SWI,swi24,1,0.6453861871981613,0.6473142595322816,0.0019280723341202899
SWI,swi24,2,0.6453488672852165,0.6501616580387461,0.004812790753529694
SWI,swi25,0,0.9686655634120654,0.963044982698962,-0.005620580713103451
SWI,swi25,1,0.9686995207290078,0.9610935115734272,-0.007606009155580629
SWI,swi25,2,0.9687373466010444,0.9612598594424984,-0.0074774871585460145
SWI,swi26,0,0.8192919081719001,0.83565663642733,0.016364728255429895
SWI,swi26,1,0.8192100162873859,0.8374127623952466,0.018202746107860768
SWI,swi26,2,0.8196740702996334,0.8332772222272773,0.013603151927643942
SWI,swi27,0,0.7059020222731263,0.6950854845114643,-0.010816537761661915
SWI,swi27,1,0.705762210535213,0.694597206635901,-0.011165003899312076
SWI,swi27,2,0.7058746446894665,0.6904855188530548,-0.015389125836411721
SWI,swi28,0,0.8115507441963757,0.8103877854909047,-0.0011629587054710067
SWI,swi28,1,0.81154690537493,0.8108607772992682,-0.0006861280756618182
SWI,swi28,2,0.8113606816962788,0.8111909159436138,-0.0001697657526650298
SWI,swi29,0,0.6655502875012611,0.6569948552405933,-0.008555432260667795
SWI,swi29,1,0.6655664279229294,0.6548219509734692,-0.010744476949460235
SWI,swi29,2,0.6653051548471705,0.6584202562291941,-0.006884898617976365
SWI,swi30,0,0.7180017444706787,0.7159450197376166,-0.0020567247330620653
SWI,swi30,1,0.7178817540141417,0.7175672535276729,-0.0003145004864687495
SWI,swi30,2,0.7179035211660376,0.7176076118413306,-0.00029590932470702214
