species_id,ours_auc,valavi_auc,valavi_auprc,n_eval,n_pos,region,delta_auc
awt01,0.4813727208976157,0.5244126928471248,0.2783887248089,340.0,92.0,AWT,-0.043039971949509
awt02,0.7874772036474165,0.7625126646403242,0.6263044089021883,340.0,105.0,AWT,0.0249645390070922
awt03,0.4994305448400014,0.5453543480656894,0.4074037873198703,340.0,129.0,AWT,-0.045923803225688
awt04,0.4883850326888301,0.4910627347336208,0.459165919513837,340.0,158.0,AWT,-0.0026777020447906
awt05,0.7380727616004648,0.7452617820056641,0.2847040531209597,340.0,47.0,AWT,-0.0071890204051993
awt06,0.7244765999091259,0.6373422809408968,0.5999925170932555,340.0,187.0,AWT,0.0871343189682291
awt07,0.5030268363601696,0.5354402021068687,0.2413635022083168,340.0,81.0,AWT,-0.032413365746699
awt08,0.6652763295099061,0.6780051058933516,0.5059881609528246,340.0,137.0,AWT,-0.0127287763834454
awt09,0.7072611653356995,0.6376072167997634,0.1792558079261762,340.0,46.0,AWT,0.0696539485359361
awt10,0.6717745921898172,0.6650601417037404,0.4011524168014176,340.0,102.0,AWT,0.0067144504860767
awt11,0.4067278287461774,0.4756527875793931,0.0359614391057292,340.0,13.0,AWT,-0.0689249588332157
awt12,0.8751929012345679,0.8697916666666665,0.1707578958209702,340.0,16.0,AWT,0.0054012345679014
awt13,0.7493821057834898,0.7613280606360191,0.4910082234660772,340.0,102.0,AWT,-0.0119459548525292
awt14,0.8827412587412587,0.7913846153846155,0.464084636036498,340.0,65.0,AWT,0.0913566433566432
awt15,0.8091158581812787,0.7726969292389854,0.8352548993929725,340.0,214.0,AWT,0.0364189289422933
awt16,0.7377151268115941,0.6894814311594204,0.2585887472636913,340.0,64.0,AWT,0.0482336956521737
awt17,0.8130760722625047,0.8118880832411618,0.5574510481500996,340.0,103.0,AWT,0.0011879890213428
awt18,0.5242889504153033,0.5492071482506922,0.4224450701184609,340.0,137.0,AWT,-0.0249181978353888
awt19,0.6829710144927537,0.6842730978260869,0.2637702755495734,340.0,64.0,AWT,-0.0013020833333332
awt20,0.4892307692307692,0.4891346153846154,0.2150686117348703,340.0,80.0,AWT,9.615384615374588e-05
awt21,0.5878048780487806,0.5475609756097561,0.4261402678917482,102.0,20.0,AWT,0.0402439024390244
awt22,0.7191480017566974,0.7200263504611331,0.5504866155183916,102.0,33.0,AWT,-0.0008783487044357
awt23,0.6561418685121108,0.6492214532871972,0.4557232079689111,102.0,34.0,AWT,0.0069204152249136
awt24,0.6399999999999999,0.5160493827160495,0.3867218759427962,102.0,27.0,AWT,0.1239506172839504
awt25,0.4663461538461538,0.6239316239316239,0.3677018383598759,102.0,24.0,AWT,-0.1575854700854701
awt26,0.7289244186046511,0.720203488372093,0.3326265277957553,102.0,16.0,AWT,0.008720930232558
awt27,0.748641975308642,0.7333333333333334,0.4319387444957357,102.0,27.0,AWT,0.0153086419753085
awt28,0.8798701298701299,0.8766233766233766,0.4808598846850727,102.0,14.0,AWT,0.0032467532467532
awt29,0.8375478927203065,0.849808429118774,0.3656336887073222,102.0,15.0,AWT,-0.0122605363984674
awt30,0.6104523495827844,0.6047430830039526,0.3967472349857632,102.0,33.0,AWT,0.0057092665788317
awt31,0.6987903225806452,0.6540322580645161,0.694823276391057,102.0,62.0,AWT,0.044758064516129
awt32,0.5760188087774295,0.5693573667711599,0.4648995305109156,102.0,44.0,AWT,0.0066614420062696
awt33,0.5833333333333333,0.579594017094017,0.3617191592379793,102.0,24.0,AWT,0.0037393162393162
awt34,0.8390804597701149,0.8781609195402299,0.440041571069704,102.0,15.0,AWT,-0.0390804597701149
awt35,0.6896153846153845,0.7084615384615385,0.6507113988368778,102.0,52.0,AWT,-0.0188461538461539
awt36,0.3760092272202998,0.3883121876201461,0.4424567966566044,102.0,51.0,AWT,-0.0123029603998462
awt37,0.829512051734274,0.8447971781305115,0.6626116412888894,102.0,21.0,AWT,-0.0152851263962374
awt38,0.8263081395348837,0.8023255813953488,0.4369010161559853,102.0,16.0,AWT,0.0239825581395348
awt39,0.8053571428571428,0.8116071428571429,0.6611366363032454,102.0,32.0,AWT,-0.00625
awt40,0.7659200702678963,0.77733860342556,0.5990596506950304,102.0,33.0,AWT,-0.0114185331576637
can01,0.6695720388184682,0.6940576274166801,0.0244801311118429,14571.0,230.0,CAN,-0.0244855885982119
can02,0.707400322859681,0.705305049836767,0.2878938354255716,14571.0,2682.0,CAN,0.002095273022914
can03,0.4602677818619858,0.4694717127675243,0.0460855610092951,14571.0,703.0,CAN,-0.0092039309055385
can04,0.4427758107214311,0.5400290153627028,0.0884641095685443,14571.0,887.0,CAN,-0.0972532046412716
can05,0.6301468390841719,0.6344807020716798,0.0797287383728969,14571.0,846.0,CAN,-0.0043338629875079
can06,0.8883708447808446,0.8897861340638946,0.0224866052871906,14571.0,53.0,CAN,-0.00141528928305
can07,0.6587635887045915,0.6633336876699708,0.0350738228318345,14571.0,333.0,CAN,-0.0045700989653792
can08,0.5380771319149483,0.5416434106783702,0.1946776540640865,14571.0,2600.0,CAN,-0.0035662787634218
can09,0.6999085375200553,0.6866673422740605,0.0203689542430183,14571.0,163.0,CAN,0.0132411952459948
can10,0.6772134244556307,0.6649970113998891,0.1183603344489631,14571.0,1251.0,CAN,0.0122164130557416
can11,0.6012407888317085,0.5967802267155696,0.351326672405495,14571.0,4512.0,CAN,0.0044605621161388
can12,0.511525718437191,0.5106726468603008,0.1424186397988397,14571.0,2045.0,CAN,0.0008530715768901
can13,0.3582614514438328,0.3510622491263055,0.0356263640974258,14571.0,735.0,CAN,0.0071992023175272
can14,0.3017324994707501,0.3470091207395385,0.0210941109548028,14571.0,400.0,CAN,-0.0452766212687884
can15,0.6958828287282062,0.6842118983641431,0.3052616765316225,14571.0,3025.0,CAN,0.011670930364063
can16,0.5023306279386758,0.5176723468114675,0.0233091412227361,14571.0,316.0,CAN,-0.0153417188727916
can17,0.3872319258161708,0.4595974758207839,0.1701122317307911,14571.0,2758.0,CAN,-0.0723655500046131
can18,0.7924747422872936,0.7824286280659535,0.2181953391214281,14571.0,1184.0,CAN,0.0100461142213401
can19,0.5015080428954424,0.4939721248367361,0.0015784011114092,14571.0,24.0,CAN,0.0075359180587062
can20,0.6007668865100315,0.6115198026862273,0.0846135459200512,14571.0,893.0,CAN,-0.0107529161761957
nsw01,0.699462962962963,0.7182037037037037,0.3382375419026429,570.0,120.0,NSW,-0.0187407407407407
nsw02,0.6402174810168373,0.6208216408055464,0.2935445976136583,570.0,104.0,NSW,0.0193958402112909
nsw03,0.6614623991673172,0.701101569954029,0.0968286724237202,570.0,21.0,NSW,-0.0396391707867117
nsw04,0.8520011947431302,0.8421445639187575,0.0937802708936965,570.0,12.0,NSW,0.0098566308243727
nsw05,0.5593867924528302,0.5264150943396226,0.0751901117364348,570.0,40.0,NSW,0.0329716981132075
nsw06,0.4766626393922981,0.4892305128525601,0.3204805827511001,570.0,189.0,NSW,-0.012567873460262
nsw07,0.7640425164189423,0.7418769443484272,0.2193424967294388,570.0,44.0,NSW,0.022165572070515
nsw08,0.8504398826979472,0.8596041055718475,0.1996887259864694,702.0,20.0,NSW,-0.0091642228739002
nsw09,0.5636571428571429,0.6091636363636364,0.1724164234994159,702.0,77.0,NSW,-0.0455064935064934
nsw10,0.9633620689655172,0.9671934865900385,0.4514092538286086,702.0,6.0,NSW,-0.0038314176245211
nsw11,0.6247977190413809,0.6298065808738537,0.0368375108115497,702.0,19.0,NSW,-0.0050088618324727
nsw12,0.6378600823045268,0.648477366255144,0.091714244197704,702.0,27.0,NSW,-0.0106172839506171
nsw13,0.7725849335302807,0.7507828655834564,0.1097240724590126,702.0,25.0,NSW,0.0218020679468242
nsw14,0.657478100136623,0.6617604849542484,0.3385136769050596,702.0,161.0,NSW,-0.0042823848176254
nsw15,0.7884493870845445,0.7803754721485039,0.4137839978960548,702.0,123.0,NSW,0.0080739149360405
nsw16,0.6365465520395097,0.6466280198674565,0.1812893331061635,1137.0,143.0,NSW,-0.0100814678279468
nsw17,0.5078185080748525,0.5130664501979549,0.1216960492531943,1137.0,141.0,NSW,-0.0052479421231024
nsw18,0.7380191826522102,0.6611954406449818,0.3322389108701642,2075.0,440.0,NSW,0.0768237420072284
nsw19,0.9574964763918252,0.960183227625088,0.0747043963393598,2075.0,11.0,NSW,-0.0026867512332628
nsw20,0.8021908070975784,0.7534015860806832,0.1819777815324492,2075.0,37.0,NSW,0.0487892210168952
nsw21,0.8817837684851058,0.9120675015920184,0.1432287268169919,2075.0,56.0,NSW,-0.0302837331069127
nsw22,0.8930097087378641,0.90168284789644,0.1004112241760375,2075.0,15.0,NSW,-0.0086731391585759
nsw23,0.7770657001044932,0.7836409352142111,0.4619977464465927,2075.0,480.0,NSW,-0.0065752351097179
nsw24,0.5854476582438554,0.681603936265606,0.137554284159646,2075.0,184.0,NSW,-0.0961562780217506
nsw25,0.6480925784592613,0.6715667568630171,0.0687962438347316,2075.0,87.0,NSW,-0.0234741784037558
nsw26,0.7949308755760369,0.6470265525565064,0.0091608672304698,1309.0,7.0,NSW,0.1479043230195305
nsw27,0.5411620890553475,0.5522146795672076,0.3834445599952977,1309.0,445.0,NSW,-0.0110525905118601
nsw28,0.6800722435696361,0.7004072890526977,0.58275868055173,1309.0,512.0,NSW,-0.0203350454830615
nsw29,0.8461571563817885,0.7848351837507531,0.061710480230659,1309.0,18.0,NSW,0.0613219726310353
nsw30,,,,,,NSW,
nsw31,0.5643838942217906,0.5505289844246068,0.5308033670743719,1309.0,653.0,NSW,0.0138549097971837
nsw32,0.7088719361446635,0.7917991099809283,0.1168565345505497,1309.0,22.0,NSW,-0.0829271738362648
nsw33,0.5027770431102883,0.4965323694495871,0.3722885179948277,1309.0,513.0,NSW,0.0062446736607011
nsw34,0.5483530342851581,0.5485561805123517,0.3546197981368557,1036.0,339.0,NSW,-0.0002031462271935
nsw35,0.4396123685922679,0.4386878060473239,0.0261109339670508,1036.0,29.0,NSW,0.0009245625449439
nsw36,0.8745235863792565,0.872696032489847,0.3737370269103869,1036.0,66.0,NSW,0.0018275538894095
nsw37,0.5653201520537126,0.5679119766982623,0.2583580062849944,1036.0,192.0,NSW,-0.0025918246445497
nsw38,0.5263808993628998,0.533395187728088,0.0827736448910836,1036.0,85.0,NSW,-0.0070142883651882
nsw39,0.5215721453314073,0.5395812945617223,0.4061221293372049,1036.0,414.0,NSW,-0.018009149230315
nsw40,0.659270170299083,0.644256366157429,0.4408982741821179,1036.0,359.0,NSW,0.0150138041416539
nsw41,0.589993502274204,0.5896052235376155,0.2281085632464521,909.0,171.0,NSW,0.0003882787365885
nsw42,0.9707182320441988,0.9696132596685082,0.2087235228539576,909.0,4.0,NSW,0.0011049723756906
nsw43,0.6877371599593821,0.6754983699428143,0.3425741178465736,909.0,216.0,NSW,0.0122387900165678
nsw44,0.991604938271605,0.9923456790123456,0.6290710216739137,909.0,9.0,NSW,-0.0007407407407405
nsw45,0.8093761160924078,0.7506250117483412,0.3897127408535623,909.0,138.0,NSW,0.0587511043440666
nsw46,0.9878413767302656,0.98559670781893,0.746565884157848,909.0,18.0,NSW,0.0022446689113355
nsw47,0.8988720037599875,0.9169277769074105,0.2050612821981744,1008.0,26.0,NSW,-0.0180557731474229
nsw48,0.860712425487586,0.8834278604085885,0.4386927875887352,1008.0,74.0,NSW,-0.0227154349210024
nsw49,0.693922745449288,0.7633523989533892,0.3374548390607572,1008.0,169.0,NSW,-0.0694296535041012
nsw50,0.7379746224731026,0.7728566603946543,0.0698572577411135,1008.0,21.0,NSW,-0.0348820379215516
nsw51,0.6274118429807052,0.7085828343313374,0.0186633364958209,1008.0,6.0,NSW,-0.0811709913506322
nsw52,0.7897695819404005,0.799856213379345,0.4243839157417247,1008.0,165.0,NSW,-0.0100866314389445
nsw53,0.6516404273794691,0.6372560123834333,0.0891332358666578,1008.0,27.0,NSW,0.0143844149960358
nsw54,0.4542713567839195,0.5083880943177426,0.0147301728309384,1008.0,13.0,NSW,-0.054116737533823
nz01,0.7344564570868758,0.8274974474460147,0.009927606463504,19120.0,66.0,NZ,-0.0930409903591389
nz02,0.8007585897473412,0.7687984107277964,0.4890851337927955,19120.0,5130.0,NZ,0.0319601790195447
nz03,0.6591614575600733,0.6575373523476999,0.026308922310713,19120.0,217.0,NZ,0.0016241052123733
nz04,0.7789717275076045,0.8086854782451963,0.2395394414552571,19120.0,1776.0,NZ,-0.0297137507375918
nz05,0.7421681789095432,0.730838335880157,0.3077701026924693,19120.0,3233.0,NZ,0.0113298430293862
nz06,0.6505437763123854,0.6838475890829531,0.1138781339998962,19120.0,1374.0,NZ,-0.0333038127705677
nz07,0.6980391275914914,0.8700410345498929,0.0124269806848754,19120.0,42.0,NZ,-0.1720019069584014
nz08,0.8308355143998658,0.7905214212514723,0.2308705990884487,19120.0,1767.0,NZ,0.0403140931483935
nz09,0.7387516457422297,0.7640360750615194,0.036637817586037,19120.0,216.0,NZ,-0.0252844293192896
nz10,0.6661071175716309,0.6321134788064553,0.0777926770574434,19120.0,1032.0,NZ,0.0339936387651755
nz11,0.8135151608738453,0.7347748952755812,0.1077653603823682,19120.0,741.0,NZ,0.0787402655982641
nz12,0.5677946939631612,0.573696806665106,0.2367248713998,19120.0,3727.0,NZ,-0.0059021127019448
nz13,0.6623658727179187,0.7063902223334584,0.2430620147008332,19120.0,2745.0,NZ,-0.0440243496155396
nz14,0.4648473895379982,0.4400735437451593,0.3034585829505578,19120.0,6458.0,NZ,0.0247738457928388
nz15,0.901729198836999,0.913637438615528,0.0235733366474087,19120.0,49.0,NZ,-0.011908239778529
nz16,0.5774498573206456,0.5653261389474268,0.0803692841756195,19120.0,1088.0,NZ,0.0121237183732187
nz17,0.7340738193668155,0.7160134114673482,0.4642698220911525,19120.0,5537.0,NZ,0.0180604078994672
nz18,0.9538083046222252,0.9514223325009744,0.291842388621694,19120.0,510.0,NZ,0.0023859721212506
nz19,0.7073219159388646,0.668622202510917,0.0658795251316205,19120.0,800.0,NZ,0.0386997134279476
nz20,0.9596369431099244,0.9545474940094196,0.2910827488331111,19120.0,477.0,NZ,0.0050894491005049
nz21,0.6789356985631521,0.7408532615433479,0.105155405688744,19120.0,842.0,NZ,-0.0619175629801957
nz22,0.5566462573821996,0.6709406652939032,0.0535851803624578,19120.0,689.0,NZ,-0.1142944079117035
nz23,0.3532432517292773,0.4405903294077143,0.1348848943154745,19120.0,3119.0,NZ,-0.087347077678437
nz24,0.7292287513116474,0.7610431969220008,0.0306288643430521,19120.0,60.0,NZ,-0.0318144456103534
nz25,0.8670212222982145,0.8412129266711297,0.1078010746062368,19120.0,489.0,NZ,0.0258082956270848
nz26,0.8626867969939803,0.8759428302620699,0.1481106385796252,19120.0,238.0,NZ,-0.0132560332680895
nz27,0.5371328359077905,0.5634998697612128,0.0658191652663746,19120.0,1102.0,NZ,-0.0263670338534223
nz28,0.7679698809982967,0.700528862648619,0.0157139265311662,19120.0,69.0,NZ,0.0674410183496776
nz29,0.6137532889053521,0.6573896069726635,0.2798552849378366,19120.0,3382.0,NZ,-0.0436363180673113
nz30,0.7974358359153564,0.7767483615299046,0.6279498596327407,19120.0,7490.0,NZ,0.0206874743854518
nz31,0.9415981675392672,0.9248678010471204,0.0105273002137235,19120.0,20.0,NZ,0.0167303664921467
nz32,0.7523618611397768,0.7517411528969273,0.1409141521631374,19120.0,1119.0,NZ,0.0006207082428494
nz33,0.7734874265495914,0.8267445538949584,0.117018217018247,19120.0,781.0,NZ,-0.053257127345367
nz34,0.5077288249260146,0.563777012297525,0.0333200113193172,19120.0,534.0,NZ,-0.0560481873715104
nz35,0.7749913811288243,0.8102357712976322,0.8233491834398127,19120.0,10581.0,NZ,-0.0352443901688079
nz36,0.6005613833234077,0.6019216501986896,0.4446261306902568,19120.0,6848.0,NZ,-0.0013602668752819
nz37,0.5442988618170208,0.5173743581645938,0.1356537491066363,19120.0,2496.0,NZ,0.026924503652427
nz38,0.8306713648413127,0.8403804286767776,0.2996142397647742,19120.0,1351.0,NZ,-0.0097090638354649
nz39,0.6739459349612856,0.6319071682931903,0.0039346363583846,19120.0,33.0,NZ,0.0420387666680953
nz40,0.5325719315836578,0.6226431112936154,0.050756390502034,19120.0,779.0,NZ,-0.0900711797099576
nz41,0.9820296121593292,0.9860246331236896,0.0876983219543225,19120.0,40.0,NZ,-0.0039950209643605
nz42,0.5791708463621587,0.5482919036825462,0.3816277825134275,19120.0,5845.0,NZ,0.0308789426796124
nz43,0.717462916833532,0.625857427955972,0.0067066754615569,19120.0,47.0,NZ,0.09160548887756
nz44,0.8736289280015452,0.8705523510393827,0.4724211297025243,19120.0,2790.0,NZ,0.0030765769621625
nz45,0.8949211751253726,0.8952101670062366,0.1312632654843737,19120.0,301.0,NZ,-0.0002889918808639
nz46,0.902167290244576,0.8962671007911348,0.0781062568160508,19120.0,22.0,NZ,0.0059001894534411
nz47,0.7946266954124,0.7891874612906514,0.2932390041856513,19120.0,2536.0,NZ,0.0054392341217486
nz48,0.6398573018589888,0.65259959997184,0.1046169857526586,19120.0,889.0,NZ,-0.0127422981128512
nz49,0.9241787838904976,0.9208928665438272,0.10326840205109,19120.0,125.0,NZ,0.0032859173466702
nz50,0.801942123627278,0.8022689420470903,0.1793624917114373,19120.0,959.0,NZ,-0.0003268184198123
nz51,0.5886688707788873,0.6666840690665295,0.0446646967975955,19120.0,562.0,NZ,-0.0780151982876422
nz52,0.85788262811694,0.8285957058593743,0.0908586886822652,19120.0,555.0,NZ,0.0292869222575657
sa01,0.4807785888077859,0.5922141119221411,0.2128642277922532,152.0,15.0,SA,-0.1114355231143552
sa02,0.5473542298618133,0.6636332996292551,0.2894275395135201,152.0,23.0,SA,-0.1162790697674418
sa03,0.7960069444444444,0.8550347222222222,0.4361982916066763,152.0,8.0,SA,-0.0590277777777777
sa04,0.923076923076923,0.9487179487179488,0.4792522292522293,152.0,9.0,SA,-0.0256410256410256
sa05,0.8955665024630541,0.9054187192118226,0.2103944513517038,152.0,7.0,SA,-0.0098522167487684
sa06,0.916256157635468,0.9261083743842364,0.5003120910097654,152.0,7.0,SA,-0.0098522167487684
sa07,0.8958333333333334,0.8940972222222222,0.2327103758169934,152.0,8.0,SA,0.0017361111111111
sa08,0.9670138888888888,0.9869791666666669,0.8318452380952381,152.0,8.0,SA,-0.0199652777777779
sa09,0.8126760563380282,0.8873239436619718,0.3810350358234458,152.0,10.0,SA,-0.0746478873239435
sa10,0.5663022147462854,0.6389122511914774,0.296070140591432,152.0,29.0,SA,-0.072610036445192
sa11,0.6536458333333333,0.8107638888888888,0.1552948228266819,152.0,8.0,SA,-0.1571180555555555
sa12,0.7839416058394161,0.770316301703163,0.2780925849314183,152.0,15.0,SA,0.013625304136253
sa13,0.8756798756798756,0.8632478632478632,0.4701158662173497,152.0,9.0,SA,0.0124320124320124
sa14,0.8502463054187192,0.8551724137931034,0.2727291288723926,152.0,7.0,SA,-0.0049261083743842
sa15,0.6233576642335766,0.5717761557177615,0.1396437744605713,152.0,15.0,SA,0.0515815085158151
sa16,0.7330049261083743,0.8591133004926108,0.314748930314968,152.0,7.0,SA,-0.1261083743842365
sa17,0.8704061895551256,0.862669245647969,0.3724873074486227,152.0,11.0,SA,0.0077369439071566
sa18,0.7142857142857142,0.7542540561931144,0.4046052235578188,152.0,19.0,SA,-0.0399683419074001
sa19,0.8018648018648019,0.832944832944833,0.204141878295303,152.0,9.0,SA,-0.0310800310800311
sa20,0.652112676056338,0.7866197183098591,0.2396137464685851,152.0,10.0,SA,-0.134507042253521
sa21,0.7985611510791367,0.7598229109020476,0.2971999468731928,152.0,13.0,SA,0.0387382401770891
sa22,0.8768536428110896,0.8736299161831076,0.2368692270296548,152.0,11.0,SA,0.0032237266279819
sa23,0.8854166666666666,0.8637152777777777,0.1777462121212121,152.0,8.0,SA,0.0217013888888889
sa24,0.7546346782988004,0.7797164667393675,0.2782665550090177,152.0,21.0,SA,-0.025081788440567
sa25,0.6643356643356643,0.749028749028749,0.1575244347078305,152.0,9.0,SA,-0.0846930846930847
sa26,0.5943703703703704,0.666074074074074,0.3295198977946359,152.0,27.0,SA,-0.0717037037037036
sa27,0.8205128205128205,0.8585858585858586,0.4824369764494896,152.0,9.0,SA,-0.038073038073038
sa28,0.6676056338028169,0.6957746478873239,0.3294717431861713,152.0,10.0,SA,-0.028169014084507
sa29,0.7692307692307693,0.7855477855477855,0.2060844661450078,152.0,9.0,SA,-0.0163170163170162
sa30,0.6699507389162562,0.6748768472906405,0.0729439955414673,152.0,7.0,SA,-0.0049261083743842
swi01,0.8185966779314339,0.8524306046934644,0.0746929696706961,10013.0,107.0,SWI,-0.0338339267620305
swi02,0.7328938505804696,0.7625622178392923,0.0817683395891753,10013.0,298.0,SWI,-0.0296683672588227
swi03,0.6901658150707508,0.6307051100035528,0.0503399838023445,10013.0,142.0,SWI,0.059460705067198
swi04,0.851857419741699,0.8666919769727176,0.0896173974034532,10013.0,119.0,SWI,-0.0148345572310185
swi05,0.987704378203476,0.9687999312773816,0.429077808628376,10013.0,35.0,SWI,0.0189044469260943
swi06,0.6841856479875617,0.7187597115647639,0.8351727566209304,10013.0,6953.0,SWI,-0.0345740635772022
swi07,0.8984321876774128,0.912743455333589,0.1647930043963441,10013.0,222.0,SWI,-0.0143112676561761
swi08,0.8329519033247507,0.8561593361754816,0.2401453498372004,10013.0,477.0,SWI,-0.0232074328507309
swi09,0.7806286279492396,0.8020559585394543,0.1063318292460126,10013.0,306.0,SWI,-0.0214273305902147
swi10,0.7335492078177402,0.7600259469300281,0.2796920166755481,10013.0,1366.0,SWI,-0.0264767391122878
swi11,0.8425537778398814,0.8644579131636353,0.064384402961518,10013.0,104.0,SWI,-0.0219041353237539
swi12,0.6977184028820174,0.6875612929050335,0.0126957369733743,10013.0,20.0,SWI,0.0101571099769838
swi13,0.7256081818763056,0.7507278237335238,0.5579834240819587,10013.0,3326.0,SWI,-0.0251196418572181
swi14,0.7790617718189771,0.8059374869146685,0.3190302021361753,10013.0,978.0,SWI,-0.0268757150956914
swi15,0.7746357794991033,0.7789468992722388,0.0498116669054871,10013.0,134.0,SWI,-0.0043111197731354
swi16,0.8243075351858725,0.8386124644982641,0.143820845768838,10013.0,395.0,SWI,-0.0143049293123915
swi17,0.9864636651344534,0.9864041162341008,0.6898473260827162,10013.0,308.0,SWI,5.954890035253513e-05
swi18,0.938835871248007,0.9490106369048994,0.0500098204611425,10013.0,26.0,SWI,-0.0101747656568923
swi19,0.9079026363186332,0.9139325700683568,0.024637049053428,10013.0,19.0,SWI,-0.0060299337497234
swi20,0.7402539012045838,0.7527955571076959,0.0585600149502788,10013.0,271.0,SWI,-0.012541655903112
swi21,0.6863270361776338,0.7251794105628767,0.0593446260469782,10013.0,224.0,SWI,-0.0388523743852429
swi22,0.8522150720808028,0.8694352133473281,0.1315353613808901,10013.0,182.0,SWI,-0.0172201412665252
swi23,0.7306721665110106,0.7671224713765963,0.4074839666701697,10013.0,1493.0,SWI,-0.0364503048655856
swi24,0.5620175662243703,0.6468682680973865,0.0494966897297741,10013.0,278.0,SWI,-0.0848507018730162
swi25,0.9659279159234028,0.9729609490855164,0.4669537773804951,10013.0,238.0,SWI,-0.0070330331621136
swi26,0.793468667255075,0.7669948408112757,0.0819591623863221,10013.0,22.0,SWI,0.0264738264437993
swi27,0.7097221254999068,0.7240868512642331,0.1137209726029862,10013.0,391.0,SWI,-0.0143647257643263
swi28,0.776234934565655,0.8173153063367262,0.7409978686648051,10013.0,4246.0,SWI,-0.0410803717710712
swi29,0.6530384343790983,0.6861918692625845,0.0359594889869835,10013.0,100.0,SWI,-0.0331534348834862
swi30,0.6891910985517484,0.7217234626658487,0.2897328061281398,10013.0,1520.0,SWI,-0.0325323641141003
