region,taxon_group,species_id,split_id,seed,estimand,n_presence,n_PA_test,categorical_encoding,weight_decay,lambda_s,lambda_r,lambda_selection,basis_df,knots,background_scheme,integration_support,objective,model,n_background,converged,runtime_s,auc_roc,auprc,prg,artifact_path,skip_reason,optimizer,train_steps,steps_adam,final_loss,deep_lr,residual,disable_silu,warm_start,freeze_edges,depth,hidden_width
CAN,bird,can01,pa_holdout,0,global_conditional_density,16,14571,onehot_l2,0.0,0.01,1e-06,frozen_default,9,"G=6,K=3",random_50k,full_background_50k,ipp,additive_kan_ipp,50000,True,4.174585525997827,0.7348467301109922,0.028392757551805516,0.44045441980619326,,,lbfgs,15,,,,,,,,,
CAN,bird,can01,pa_holdout,0,global_conditional_density,16,14571,onehot_l2,0.0,0.01,1e-06,frozen_default,9,"G=6,K=3",random_50k,full_background_50k,ipp,deep2_kan_ipp,50000,True,19.389478839999356,0.6945181495438739,0.025951277282294908,0.3703258734236963,,,lbfgs,18,0.0,138.45345414917338,0.05,True,True,True,True,2.0,
CAN,bird,can01,pa_holdout,0,global_conditional_density,16,14571,onehot_l2,0.0,0.01,1e-06,frozen_default,9,"G=6,K=3",random_50k,full_background_50k,ipp,deep3_kan_ipp,50000,True,53.3759000559985,0.5375968263689088,0.021996979226408572,0.18533670811837916,,,lbfgs,18,0.0,89.5264472923377,0.05,True,True,True,True,3.0,4.0
CAN,bird,can02,pa_holdout,0,global_conditional_density,740,14571,onehot_l2,0.0,0.01,1e-06,frozen_default,9,"G=6,K=3",random_50k,full_background_50k,ipp,additive_kan_ipp,50000,True,3.8264507009989757,0.7029528012314255,0.28511358360711775,0.4276217090542651,,,lbfgs,15,,,,,,,,,
CAN,bird,can02,pa_holdout,0,global_conditional_density,740,14571,onehot_l2,0.0,0.01,1e-06,frozen_default,9,"G=6,K=3",random_50k,full_background_50k,ipp,deep2_kan_ipp,50000,True,11.496722531999694,0.7035399186195901,0.2851580843046102,0.4279576005487935,,,lbfgs,12,0.0,6007.611855549707,0.05,True,True,True,True,2.0,
CAN,bird,can02,pa_holdout,0,global_conditional_density,740,14571,onehot_l2,0.0,0.01,1e-06,frozen_default,9,"G=6,K=3",random_50k,full_background_50k,ipp,deep3_kan_ipp,50000,True,34.74793244000102,0.7008720328712978,0.28169054259779686,0.4234048757431105,,,lbfgs,12,0.0,5992.464175823068,0.05,True,True,True,True,3.0,4.0
CAN,bird,can03,pa_holdout,0,global_conditional_density,165,14571,onehot_l2,0.0,0.01,1e-06,frozen_default,9,"G=6,K=3",random_50k,full_background_50k,ipp,additive_kan_ipp,50000,True,3.830961688003299,0.48153105627905624,0.04859641756648888,-0.011135537151083192,,,lbfgs,15,,,,,,,,,
CAN,bird,can03,pa_holdout,0,global_conditional_density,165,14571,onehot_l2,0.0,0.01,1e-06,frozen_default,9,"G=6,K=3",random_50k,full_background_50k,ipp,deep2_kan_ipp,50000,True,12.01846583799852,0.47218003644194956,0.047963116313567825,-0.03034850486943661,,,lbfgs,12,0.0,1562.380571603176,0.05,True,True,True,True,2.0,
CAN,bird,can03,pa_holdout,0,global_conditional_density,165,14571,onehot_l2,0.0,0.01,1e-06,frozen_default,9,"G=6,K=3",random_50k,full_background_50k,ipp,deep3_kan_ipp,50000,True,35.802717779002705,0.495331259864908,0.05042929081770102,0.01889088893717731,,,lbfgs,12,0.0,1484.0819889318086,0.05,True,True,True,True,3.0,4.0
CAN,bird,can04,pa_holdout,0,global_conditional_density,42,14571,onehot_l2,0.0,0.01,1e-06,frozen_default,9,"G=6,K=3",random_50k,full_background_50k,ipp,additive_kan_ipp,50000,True,3.8049525450005603,0.5666894853624753,0.0887209535110162,0.2262115857737133,,,lbfgs,15,,,,,,,,,
CAN,bird,can04,pa_holdout,0,global_conditional_density,42,14571,onehot_l2,0.0,0.01,1e-06,frozen_default,9,"G=6,K=3",random_50k,full_background_50k,ipp,deep2_kan_ipp,50000,True,11.949261634999857,0.5605092411186692,0.09278393911974724,0.23642434141237914,,,lbfgs,12,0.0,336.7210125532344,0.05,True,True,True,True,2.0,
CAN,bird,can04,pa_holdout,0,global_conditional_density,42,14571,onehot_l2,0.0,0.01,1e-06,frozen_default,9,"G=6,K=3",random_50k,full_background_50k,ipp,deep3_kan_ipp,50000,True,34.87807316500039,0.5358245148095505,0.08767438240543651,0.15695235784292075,,,lbfgs,12,0.0,306.4914618733957,0.05,True,True,True,True,3.0,4.0
CAN,bird,can05,pa_holdout,0,global_conditional_density,138,14571,onehot_l2,0.0,0.01,1e-06,frozen_default,9,"G=6,K=3",random_50k,full_background_50k,ipp,additive_kan_ipp,50000,True,3.7822761720017297,0.6313888135315877,0.0795489084462398,0.29383572776104694,,,lbfgs,15,,,,,,,,,
CAN,bird,can05,pa_holdout,0,global_conditional_density,138,14571,onehot_l2,0.0,0.01,1e-06,frozen_default,9,"G=6,K=3",random_50k,full_background_50k,ipp,deep2_kan_ipp,50000,True,12.217141236000316,0.628401133373811,0.07943047801082555,0.2916208481718093,,,lbfgs,12,0.0,1132.897677758141,0.05,True,True,True,True,2.0,
CAN,bird,can05,pa_holdout,0,global_conditional_density,138,14571,onehot_l2,0.0,0.01,1e-06,frozen_default,9,"G=6,K=3",random_50k,full_background_50k,ipp,deep3_kan_ipp,50000,True,35.22899522499938,0.6185385420299965,0.07849135151580011,0.2722577030121282,,,lbfgs,12,0.0,1116.2015405375355,0.05,True,True,True,True,3.0,4.0
CAN,bird,can06,pa_holdout,0,global_conditional_density,27,14571,onehot_l2,0.0,0.01,1e-06,frozen_default,9,"G=6,K=3",random_50k,full_background_50k,ipp,additive_kan_ipp,50000,True,3.826765649999288,0.8841509693886833,0.02065352372132436,0.7811908156091881,,,lbfgs,15,,,,,,,,,
CAN,bird,can06,pa_holdout,0,global_conditional_density,27,14571,onehot_l2,0.0,0.01,1e-06,frozen_default,9,"G=6,K=3",random_50k,full_background_50k,ipp,deep2_kan_ipp,50000,True,17.17896290600038,0.8854077046841007,0.023351904921981907,0.791670935338319,,,lbfgs,18,0.0,177.49367883520227,0.05,True,True,True,True,2.0,
CAN,bird,can06,pa_holdout,0,global_conditional_density,27,14571,onehot_l2,0.0,0.01,1e-06,frozen_default,9,"G=6,K=3",random_50k,full_background_50k,ipp,deep3_kan_ipp,50000,True,49.73867425199933,0.8583989426268497,0.023046149138902308,0.7511783679737053,,,lbfgs,18,0.0,158.77605618298756,0.05,True,True,True,True,3.0,4.0
CAN,bird,can07,pa_holdout,0,global_conditional_density,221,14571,onehot_l2,0.0,0.01,1e-06,frozen_default,9,"G=6,K=3",random_50k,full_background_50k,ipp,additive_kan_ipp,50000,True,3.7052580819981813,0.6681587824655671,0.034467260528602446,0.34323948222230305,,,lbfgs,15,,,,,,,,,
CAN,bird,can07,pa_holdout,0,global_conditional_density,221,14571,onehot_l2,0.0,0.01,1e-06,frozen_default,9,"G=6,K=3",random_50k,full_background_50k,ipp,deep2_kan_ipp,50000,True,11.602575458000501,0.6621776643900538,0.034262854041020516,0.3377296011750812,,,lbfgs,12,0.0,1752.0658358467522,0.05,True,True,True,True,2.0,
CAN,bird,can07,pa_holdout,0,global_conditional_density,221,14571,onehot_l2,0.0,0.01,1e-06,frozen_default,9,"G=6,K=3",random_50k,full_background_50k,ipp,deep3_kan_ipp,50000,True,36.06332677899991,0.6599170810085264,0.03466213969025942,0.34242668354859485,,,lbfgs,12,0.0,1736.9151358286504,0.05,True,True,True,True,3.0,4.0
CAN,bird,can08,pa_holdout,0,global_conditional_density,322,14571,onehot_l2,0.0,0.01,1e-06,frozen_default,9,"G=6,K=3",random_50k,full_background_50k,ipp,additive_kan_ipp,50000,True,3.9145647540026403,0.5416822545510626,0.19420782396738254,0.08025454687978376,,,lbfgs,15,,,,,,,,,
CAN,bird,can08,pa_holdout,0,global_conditional_density,322,14571,onehot_l2,0.0,0.01,1e-06,frozen_default,9,"G=6,K=3",random_50k,full_background_50k,ipp,deep2_kan_ipp,50000,True,11.642234377999557,0.5431725548280139,0.19427320665649633,0.08470201929250594,,,lbfgs,12,0.0,2601.915201000939,0.05,True,True,True,True,2.0,
CAN,bird,can08,pa_holdout,0,global_conditional_density,322,14571,onehot_l2,0.0,0.01,1e-06,frozen_default,9,"G=6,K=3",random_50k,full_background_50k,ipp,deep3_kan_ipp,50000,True,32.134771640998224,0.5413666842304801,0.1938013235736413,0.07979883874327989,,,lbfgs,12,0.0,2604.308901573174,0.05,True,True,True,True,3.0,4.0
CAN,bird,can09,pa_holdout,0,global_conditional_density,119,14571,onehot_l2,0.0,0.01,1e-06,frozen_default,9,"G=6,K=3",random_50k,full_background_50k,ipp,additive_kan_ipp,50000,True,3.7749327170022298,0.7124999574197021,0.02181946934970835,0.46914572568473434,,,lbfgs,15,,,,,,,,,
CAN,bird,can09,pa_holdout,0,global_conditional_density,119,14571,onehot_l2,0.0,0.01,1e-06,frozen_default,9,"G=6,K=3",random_50k,full_background_50k,ipp,deep2_kan_ipp,50000,True,11.721894509999402,0.7109687699062892,0.02125220870592997,0.45862983873506735,,,lbfgs,12,0.0,916.4700501377755,0.05,True,True,True,True,2.0,
CAN,bird,can09,pa_holdout,0,global_conditional_density,119,14571,onehot_l2,0.0,0.01,1e-06,frozen_default,9,"G=6,K=3",random_50k,full_background_50k,ipp,deep3_kan_ipp,50000,True,37.13513051299742,0.6783722744351297,0.018878396394203537,0.3926426007921105,,,lbfgs,12,0.0,892.1592872467602,0.05,True,True,True,True,3.0,4.0
CAN,bird,can10,pa_holdout,0,global_conditional_density,234,14571,onehot_l2,0.0,0.01,1e-06,frozen_default,9,"G=6,K=3",random_50k,full_background_50k,ipp,additive_kan_ipp,50000,True,3.6502589759984403,0.6698061370723242,0.11962541552342418,0.33201739094918514,,,lbfgs,15,,,,,,,,,
CAN,bird,can10,pa_holdout,0,global_conditional_density,234,14571,onehot_l2,0.0,0.01,1e-06,frozen_default,9,"G=6,K=3",random_50k,full_background_50k,ipp,deep2_kan_ipp,50000,True,11.938150971000141,0.6629696243005595,0.11790986709670664,0.3206450892757474,,,lbfgs,12,0.0,1851.9020840686085,0.05,True,True,True,True,2.0,
CAN,bird,can10,pa_holdout,0,global_conditional_density,234,14571,onehot_l2,0.0,0.01,1e-06,frozen_default,9,"G=6,K=3",random_50k,full_background_50k,ipp,deep3_kan_ipp,50000,True,35.641845228998136,0.6454437050959833,0.11430275577347021,0.2938103895062132,,,lbfgs,12,0.0,1828.323914161569,0.05,True,True,True,True,3.0,4.0
CAN,bird,can11,pa_holdout,0,global_conditional_density,478,14571,onehot_l2,0.0,0.01,1e-06,frozen_default,9,"G=6,K=3",random_50k,full_background_50k,ipp,additive_kan_ipp,50000,True,3.9923200180019194,0.5955062493874792,0.35052439877093106,0.205142748616031,,,lbfgs,15,,,,,,,,,
CAN,bird,can11,pa_holdout,0,global_conditional_density,478,14571,onehot_l2,0.0,0.01,1e-06,frozen_default,9,"G=6,K=3",random_50k,full_background_50k,ipp,deep2_kan_ipp,50000,True,11.987933250999049,0.5969836585598867,0.3514601751196648,0.20829510759077963,,,lbfgs,12,0.0,3988.629854585274,0.05,True,True,True,True,2.0,
CAN,bird,can11,pa_holdout,0,global_conditional_density,478,14571,onehot_l2,0.0,0.01,1e-06,frozen_default,9,"G=6,K=3",random_50k,full_background_50k,ipp,deep3_kan_ipp,50000,True,35.38267308500144,0.5948511825442655,0.3495142944904168,0.2064552846119839,,,lbfgs,12,0.0,3973.867711298335,0.05,True,True,True,True,3.0,4.0
CAN,bird,can12,pa_holdout,0,global_conditional_density,312,14571,onehot_l2,0.0,0.01,1e-06,frozen_default,9,"G=6,K=3",random_50k,full_background_50k,ipp,additive_kan_ipp,50000,True,3.7795029199987766,0.5300757309881022,0.14851673465176335,0.06232602216535538,,,lbfgs,15,,,,,,,,,
CAN,bird,can12,pa_holdout,0,global_conditional_density,312,14571,onehot_l2,0.0,0.01,1e-06,frozen_default,9,"G=6,K=3",random_50k,full_background_50k,ipp,deep2_kan_ipp,50000,True,12.65636325000014,0.5174691116804675,0.14693512935897513,0.037639712853418356,,,lbfgs,12,0.0,3003.8809266088338,0.05,True,True,True,True,2.0,
CAN,bird,can12,pa_holdout,0,global_conditional_density,312,14571,onehot_l2,0.0,0.01,1e-06,frozen_default,9,"G=6,K=3",random_50k,full_background_50k,ipp,deep3_kan_ipp,50000,True,35.86540450800021,0.5258557750002245,0.14859216671679948,0.03420647951813348,,,lbfgs,12,0.0,2966.1293326151504,0.05,True,True,True,True,3.0,4.0
CAN,bird,can13,pa_holdout,0,global_conditional_density,39,14571,onehot_l2,0.0,0.01,1e-06,frozen_default,9,"G=6,K=3",random_50k,full_background_50k,ipp,additive_kan_ipp,50000,True,3.74167243699776,0.3832927707075892,0.03767640111918518,-0.3548899956357146,,,lbfgs,15,,,,,,,,,
CAN,bird,can13,pa_holdout,0,global_conditional_density,39,14571,onehot_l2,0.0,0.01,1e-06,frozen_default,9,"G=6,K=3",random_50k,full_background_50k,ipp,deep2_kan_ipp,50000,True,12.926020818002144,0.4419194824503956,0.04165873292769384,-0.22495838318427983,,,lbfgs,12,0.0,327.0561061777627,0.05,True,True,True,True,2.0,
CAN,bird,can13,pa_holdout,0,global_conditional_density,39,14571,onehot_l2,0.0,0.01,1e-06,frozen_default,9,"G=6,K=3",random_50k,full_background_50k,ipp,deep3_kan_ipp,50000,True,36.449169273000734,0.4273547956331998,0.04068651750798213,-0.24945886704321593,,,lbfgs,12,0.0,314.08114022765193,0.05,True,True,True,True,3.0,4.0
CAN,bird,can14,pa_holdout,0,global_conditional_density,18,14571,onehot_l2,0.0,0.01,1e-06,frozen_default,9,"G=6,K=3",random_50k,full_background_50k,ipp,additive_kan_ipp,50000,True,3.6098707480014127,0.38916810740244157,0.023977612126731718,-0.21678591095102903,,,lbfgs,15,,,,,,,,,
CAN,bird,can14,pa_holdout,0,global_conditional_density,18,14571,onehot_l2,0.0,0.01,1e-06,frozen_default,9,"G=6,K=3",random_50k,full_background_50k,ipp,deep2_kan_ipp,50000,True,17.198582508997788,0.507043345564886,0.028223800626945506,-0.00943321461310519,,,lbfgs,18,0.0,143.51567093905285,0.05,True,True,True,True,2.0,
CAN,bird,can14,pa_holdout,0,global_conditional_density,18,14571,onehot_l2,0.0,0.01,1e-06,frozen_default,9,"G=6,K=3",random_50k,full_background_50k,ipp,deep3_kan_ipp,50000,True,45.99650841300172,0.3895232340695787,0.024050188167059297,-0.21452193853148988,,,lbfgs,18,0.0,151.64829437969286,0.05,True,True,True,True,3.0,4.0
CAN,bird,can15,pa_holdout,0,global_conditional_density,721,14571,onehot_l2,0.0,0.01,1e-06,frozen_default,9,"G=6,K=3",random_50k,full_background_50k,ipp,additive_kan_ipp,50000,True,3.6950208110029052,0.6810392350826662,0.3045430499450116,0.3840285569517359,,,lbfgs,15,,,,,,,,,
CAN,bird,can15,pa_holdout,0,global_conditional_density,721,14571,onehot_l2,0.0,0.01,1e-06,frozen_default,9,"G=6,K=3",random_50k,full_background_50k,ipp,deep2_kan_ipp,50000,True,11.97162324799865,0.6787891767461237,0.3030357278646237,0.37907436135083494,,,lbfgs,12,0.0,6404.774434721631,0.05,True,True,True,True,2.0,
CAN,bird,can15,pa_holdout,0,global_conditional_density,721,14571,onehot_l2,0.0,0.01,1e-06,frozen_default,9,"G=6,K=3",random_50k,full_background_50k,ipp,deep3_kan_ipp,50000,True,34.3265397139985,0.6588755005132184,0.2929458250389009,0.3401185148749406,,,lbfgs,12,0.0,6358.2183527405805,0.05,True,True,True,True,3.0,4.0
CAN,bird,can16,pa_holdout,0,global_conditional_density,57,14571,onehot_l2,0.0,0.01,1e-06,frozen_default,9,"G=6,K=3",random_50k,full_background_50k,ipp,additive_kan_ipp,50000,True,3.7600981680006953,0.4970595482819708,0.023194556010960838,0.04538793412859903,,,lbfgs,15,,,,,,,,,
CAN,bird,can16,pa_holdout,0,global_conditional_density,57,14571,onehot_l2,0.0,0.01,1e-06,frozen_default,9,"G=6,K=3",random_50k,full_background_50k,ipp,deep2_kan_ipp,50000,True,11.678611579001881,0.4974114123847284,0.02407966191771197,0.06692352585679881,,,lbfgs,12,0.0,512.1619453308905,0.05,True,True,True,True,2.0,
CAN,bird,can16,pa_holdout,0,global_conditional_density,57,14571,onehot_l2,0.0,0.01,1e-06,frozen_default,9,"G=6,K=3",random_50k,full_background_50k,ipp,deep3_kan_ipp,50000,True,35.9434668089998,0.49821237496059567,0.025543535455232417,0.09288245047001364,,,lbfgs,12,0.0,489.26601741112984,0.05,True,True,True,True,3.0,4.0
CAN,bird,can17,pa_holdout,0,global_conditional_density,313,14571,onehot_l2,0.0,0.01,1e-06,frozen_default,9,"G=6,K=3",random_50k,full_background_50k,ipp,additive_kan_ipp,50000,True,3.7518257410010847,0.47040202633165473,0.17681246075203771,-0.04538939852027006,,,lbfgs,15,,,,,,,,,
CAN,bird,can17,pa_holdout,0,global_conditional_density,313,14571,onehot_l2,0.0,0.01,1e-06,frozen_default,9,"G=6,K=3",random_50k,full_background_50k,ipp,deep2_kan_ipp,50000,True,12.040700043002289,0.4740610831333605,0.17775269797714274,-0.03571159005747377,,,lbfgs,12,0.0,2868.043173560691,0.05,True,True,True,True,2.0,
CAN,bird,can17,pa_holdout,0,global_conditional_density,313,14571,onehot_l2,0.0,0.01,1e-06,frozen_default,9,"G=6,K=3",random_50k,full_background_50k,ipp,deep3_kan_ipp,50000,True,35.65133406099994,0.47006691537763945,0.18052812311072763,-0.040789421173329204,,,lbfgs,12,0.0,2776.580827571316,0.05,True,True,True,True,3.0,4.0
CAN,bird,can18,pa_holdout,0,global_conditional_density,612,14571,onehot_l2,0.0,0.01,1e-06,frozen_default,9,"G=6,K=3",random_50k,full_background_50k,ipp,additive_kan_ipp,50000,True,3.657814990001498,0.7808774181386137,0.21529387763711982,0.6032403408151733,,,lbfgs,15,,,,,,,,,
CAN,bird,can18,pa_holdout,0,global_conditional_density,612,14571,onehot_l2,0.0,0.01,1e-06,frozen_default,9,"G=6,K=3",random_50k,full_background_50k,ipp,deep2_kan_ipp,50000,True,11.862101720002102,0.7755798851346304,0.21164292934811,0.5925848147356159,,,lbfgs,12,0.0,5097.32034134096,0.05,True,True,True,True,2.0,
CAN,bird,can18,pa_holdout,0,global_conditional_density,612,14571,onehot_l2,0.0,0.01,1e-06,frozen_default,9,"G=6,K=3",random_50k,full_background_50k,ipp,deep3_kan_ipp,50000,True,35.097204746998614,0.7746898021779903,0.2137068164771877,0.5923440881009194,,,lbfgs,12,0.0,5092.3284613595015,0.05,True,True,True,True,3.0,4.0
CAN,bird,can19,pa_holdout,0,global_conditional_density,109,14571,onehot_l2,0.0,0.01,1e-06,frozen_default,9,"G=6,K=3",random_50k,full_background_50k,ipp,additive_kan_ipp,50000,True,3.653878788001748,0.46411201622327625,0.0014553345232224514,-0.25957073344099985,,,lbfgs,15,,,,,,,,,
CAN,bird,can19,pa_holdout,0,global_conditional_density,109,14571,onehot_l2,0.0,0.01,1e-06,frozen_default,9,"G=6,K=3",random_50k,full_background_50k,ipp,deep2_kan_ipp,50000,True,11.82157094500144,0.4628030407185903,0.0014516443800714337,-0.25094495555536617,,,lbfgs,12,0.0,847.5067779773138,0.05,True,True,True,True,2.0,
CAN,bird,can19,pa_holdout,0,global_conditional_density,109,14571,onehot_l2,0.0,0.01,1e-06,frozen_default,9,"G=6,K=3",random_50k,full_background_50k,ipp,deep3_kan_ipp,50000,True,21.690584901003604,0.46510592103755644,0.0014597549094074133,-0.2575074188208403,,,lbfgs,12,0.0,851.5178297104284,0.05,True,True,True,True,3.0,4.0
CAN,bird,can20,pa_holdout,0,global_conditional_density,380,14571,onehot_l2,0.0,0.01,1e-06,frozen_default,9,"G=6,K=3",random_50k,full_background_50k,ipp,additive_kan_ipp,50000,True,3.668127180997544,0.6239813502920393,0.08791055752750022,0.29504426163238495,,,lbfgs,15,,,,,,,,,
CAN,bird,can20,pa_holdout,0,global_conditional_density,380,14571,onehot_l2,0.0,0.01,1e-06,frozen_default,9,"G=6,K=3",random_50k,full_background_50k,ipp,deep2_kan_ipp,50000,True,12.254455645001144,0.6181619333946486,0.08965878410722518,0.3019882353870425,,,lbfgs,12,0.0,3548.626222590149,0.05,True,True,True,True,2.0,
CAN,bird,can20,pa_holdout,0,global_conditional_density,380,14571,onehot_l2,0.0,0.01,1e-06,frozen_default,9,"G=6,K=3",random_50k,full_background_50k,ipp,deep3_kan_ipp,50000,True,35.23889957200299,0.6151771090218195,0.08628528910519405,0.284767212082325,,,lbfgs,12,0.0,3519.8715030365756,0.05,True,True,True,True,3.0,4.0
