model,model_id,n,AUC_mean,AUC_sd,AUPRC_mean,AUPRC_sd,PRG_mean,PRG_sd,COR_mean,COR_sd
B-spline IPP,additive_kan_ipp,225,0.7226167809424525,0.1384149438903488,0.2528260240648349,0.1959093546695579,0.45547828269841456,0.2788355390423685,0.16975766295602998,0.12436757148474893
同基 GAM-IPP,gam_ipp_same_basis,225,0.7228556296445448,0.1384852597912549,0.25304285158577877,0.19606185055463393,0.45612742683742535,0.27878544293998986,0.16734155271314086,0.12268400468820179
"maxnet（背景上限 10,000）",maxnet_bg10k,225,0.7137555110548945,0.14651887871764574,0.2491381112573266,0.20071750420681814,0.43194198239334647,0.30067524528493444,0.17053835591637945,0.13432912362949215
"maxnet（背景上限 50,000）",maxnet_bg50k,222,0.7145473567215314,0.14670798092079892,0.2456080458434589,0.196068666910727,0.43436382760713155,0.301450923039933,0.17026946665739667,0.13392416504708904
Deep-2（边输出）,deep2_rphi,225,0.7178013338689384,0.1351106542694809,,,,,,
Deep-2（缩放协变量）,deep2_rx,225,0.7141394015589814,0.1433949269342589,,,,,,
Deep-3（边输出）,deep3_rphi,225,0.7015410209746626,0.1305727301128246,,,,,,
Deep-3（缩放协变量）,deep3_rx,225,0.6836160220424403,0.12531229557077686,,,,,,
端到端标准 KAN,standard_kan_ipp_itt,225,0.6420285494267305,0.1240155409223207,0.21023587619297382,0.1728172522735931,0.31154681162472847,0.2603066736725515,0.12090274026250408,0.11442006265119899
