region,species_id,taxon_group,n_presence,lambda_s,lambda_selection,model,auc_random,auc_tgb,delta_tgb_minus_random,n_bg_random,n_bg_tgb,converged_random,converged_tgb,skip_random,skip_tgb
NSW,nsw04,ba,49,0.000100,po_random_5fold,additive_kan_bce,0.831840,0.828554,-0.003286,50000,138,True,True,,
NSW,nsw04,ba,49,0.000100,po_random_5fold,additive_kan_ipp,0.862903,0.814964,-0.047939,50000,138,True,True,,
NSW,nsw04,ba,49,0.000100,po_random_5fold,gam_ipp_same_basis,0.862903,0.812127,-0.050777,50000,138,True,True,,
NSW,nsw04,ba,49,0.000100,po_random_5fold,maxnet_bg10k,0.852001,,,50000,138,True,False,,
NSW,nsw04,ba,49,0.000100,po_random_5fold,maxnet_bg50k,0.850806,,,50000,138,True,False,,
NSW,nsw06,ba,44,1.000000,po_random_5fold,additive_kan_bce,0.508117,0.513422,0.005305,50000,143,True,True,,
NSW,nsw06,ba,44,1.000000,po_random_5fold,additive_kan_ipp,0.475135,0.518949,0.043814,50000,143,True,True,,
NSW,nsw06,ba,44,1.000000,po_random_5fold,gam_ipp_same_basis,0.475191,0.518463,0.043272,50000,143,True,True,,
NSW,nsw06,ba,44,1.000000,po_random_5fold,maxnet_bg10k,0.476663,,,50000,143,True,False,,
NSW,nsw06,ba,44,1.000000,po_random_5fold,maxnet_bg50k,0.475607,,,50000,143,True,False,,
NSW,nsw09,db,426,1.000000,po_random_5fold,additive_kan_bce,0.562369,0.672229,0.109860,50000,1087,True,True,,
NSW,nsw09,db,426,1.000000,po_random_5fold,additive_kan_ipp,0.587865,0.681683,0.093818,50000,1087,True,True,,
NSW,nsw09,db,426,1.000000,po_random_5fold,gam_ipp_same_basis,0.587927,0.681683,0.093756,50000,1087,True,True,,
NSW,nsw09,db,426,1.000000,po_random_5fold,maxnet_bg10k,0.563657,0.662462,0.098805,50000,1087,True,True,,
NSW,nsw09,db,426,1.000000,po_random_5fold,maxnet_bg50k,0.571740,0.662462,0.090722,50000,1087,True,True,,
NSW,nsw14,db,315,0.010000,po_random_5fold,additive_kan_bce,0.656629,0.753045,0.096417,50000,1198,True,True,,
NSW,nsw14,db,315,0.010000,po_random_5fold,additive_kan_ipp,0.649361,0.767190,0.117829,50000,1198,True,True,,
NSW,nsw14,db,315,0.010000,po_random_5fold,gam_ipp_same_basis,0.649223,0.766386,0.117163,50000,1198,True,True,,
NSW,nsw14,db,315,0.010000,po_random_5fold,maxnet_bg10k,0.657478,0.813871,0.156393,50000,1198,True,True,,
NSW,nsw14,db,315,0.010000,po_random_5fold,maxnet_bg50k,0.664619,0.813871,0.149252,50000,1198,True,True,,
NSW,nsw16,nb,120,1.000000,po_random_5fold,additive_kan_bce,0.633254,0.619261,-0.013993,50000,148,True,True,,
NSW,nsw16,nb,120,1.000000,po_random_5fold,additive_kan_ipp,0.654592,0.626465,-0.028127,50000,148,True,True,,
NSW,nsw16,nb,120,1.000000,po_random_5fold,gam_ipp_same_basis,0.654613,0.626465,-0.028148,50000,148,True,True,,
NSW,nsw16,nb,120,1.000000,po_random_5fold,maxnet_bg10k,0.636547,0.635998,-0.000549,50000,148,True,True,,
NSW,nsw16,nb,120,1.000000,po_random_5fold,maxnet_bg50k,0.641359,0.635998,-0.005361,50000,148,True,True,,
NSW,nsw17,nb,148,0.100000,po_random_5fold,additive_kan_bce,0.571257,0.504151,-0.067105,50000,120,True,True,,
NSW,nsw17,nb,148,0.100000,po_random_5fold,additive_kan_ipp,0.522886,0.527180,0.004294,50000,120,True,True,,
NSW,nsw17,nb,148,0.100000,po_random_5fold,gam_ipp_same_basis,0.522879,0.527180,0.004301,50000,120,True,True,,
NSW,nsw17,nb,148,0.100000,po_random_5fold,maxnet_bg10k,0.507819,0.554395,0.046576,50000,120,True,True,,
NSW,nsw17,nb,148,0.100000,po_random_5fold,maxnet_bg50k,0.513394,0.554395,0.041001,50000,120,True,True,,
NSW,nsw18,ot,69,0.100000,po_random_5fold,additive_kan_bce,0.702438,0.736514,0.034076,50000,270,True,True,,
NSW,nsw18,ot,69,0.100000,po_random_5fold,additive_kan_ipp,0.640689,0.741101,0.100411,50000,270,True,True,,
NSW,nsw18,ot,69,0.100000,po_random_5fold,gam_ipp_same_basis,0.640566,0.741049,0.100484,50000,270,True,True,,
NSW,nsw18,ot,69,0.100000,po_random_5fold,maxnet_bg10k,0.738019,,,50000,270,True,False,,
NSW,nsw18,ot,69,0.100000,po_random_5fold,maxnet_bg50k,0.738963,,,50000,270,True,False,,
NSW,nsw24,ot,68,1.000000,po_random_5fold,additive_kan_bce,0.686596,0.716328,0.029732,50000,271,True,True,,
NSW,nsw24,ot,68,1.000000,po_random_5fold,additive_kan_ipp,0.677428,0.703949,0.026522,50000,271,True,True,,
NSW,nsw24,ot,68,1.000000,po_random_5fold,gam_ipp_same_basis,0.677385,0.703840,0.026455,50000,271,True,True,,
NSW,nsw24,ot,68,1.000000,po_random_5fold,maxnet_bg10k,0.585448,,,50000,271,True,False,,
NSW,nsw24,ot,68,1.000000,po_random_5fold,maxnet_bg50k,0.587974,,,50000,271,True,False,,
NSW,nsw28,ou,53,1.000000,po_random_5fold,additive_kan_bce,0.646303,0.593096,-0.053207,50000,114,True,True,,
NSW,nsw28,ou,53,1.000000,po_random_5fold,additive_kan_ipp,0.687912,0.584048,-0.103864,50000,114,True,True,,
NSW,nsw28,ou,53,1.000000,po_random_5fold,gam_ipp_same_basis,0.687990,0.584041,-0.103949,50000,114,True,True,,
NSW,nsw28,ou,53,1.000000,po_random_5fold,maxnet_bg10k,0.680072,,,50000,114,True,False,,
NSW,nsw28,ou,53,1.000000,po_random_5fold,maxnet_bg50k,0.683361,,,50000,114,True,False,,
NSW,nsw39,rt,16,0.010000,frozen_n_po_lt_30,additive_kan_bce,0.622924,0.463535,-0.159389,50000,48,True,True,,
NSW,nsw39,rt,16,0.010000,frozen_n_po_lt_30,additive_kan_ipp,0.621445,0.474020,-0.147425,50000,48,True,True,,
NSW,nsw39,rt,16,0.010000,frozen_n_po_lt_30,gam_ipp_same_basis,0.621177,0.473014,-0.148162,50000,48,True,True,,
NSW,nsw39,rt,16,0.010000,frozen_n_po_lt_30,maxnet_bg10k,0.521572,,,50000,48,True,False,,
NSW,nsw39,rt,16,0.010000,frozen_n_po_lt_30,maxnet_bg50k,0.517460,,,50000,48,True,False,,
NSW,nsw43,ru,42,0.100000,po_random_5fold,additive_kan_bce,0.646692,0.577501,-0.069191,50000,68,True,True,,
NSW,nsw43,ru,42,0.100000,po_random_5fold,additive_kan_ipp,0.660928,0.594296,-0.066632,50000,68,True,True,,
NSW,nsw43,ru,42,0.100000,po_random_5fold,gam_ipp_same_basis,0.661008,0.594283,-0.066725,50000,68,True,True,,
NSW,nsw43,ru,42,0.100000,po_random_5fold,maxnet_bg10k,0.687737,,,50000,68,True,False,,
NSW,nsw43,ru,42,0.100000,po_random_5fold,maxnet_bg50k,0.689628,,,50000,68,True,False,,
NSW,nsw52,sr,186,1.000000,po_random_5fold,additive_kan_bce,0.809023,0.784852,-0.024171,50000,489,True,True,,
NSW,nsw52,sr,186,1.000000,po_random_5fold,additive_kan_ipp,0.797311,0.792300,-0.005011,50000,489,True,True,,
NSW,nsw52,sr,186,1.000000,po_random_5fold,gam_ipp_same_basis,0.797304,0.792293,-0.005011,50000,489,True,True,,
NSW,nsw52,sr,186,1.000000,po_random_5fold,maxnet_bg10k,0.789770,0.793285,0.003516,50000,489,True,True,,
NSW,nsw52,sr,186,1.000000,po_random_5fold,maxnet_bg50k,0.790625,0.793285,0.002660,50000,489,True,True,,
