region,species_id,additive_kan_ipp,gam_ipp_same_basis,maxnet_bg10k,maxnet_bg50k,e2e_cor
AWT,awt01,0.1110322092031107,0.1097689721766391,0.044734831076665,0.0553496305314963,0.0491606011389036
AWT,awt02,0.3940149716073048,0.3952552091603731,0.5131849195851613,0.5127794647779239,0.2656215248711422
AWT,awt03,0.10505302315095,0.1284020632051263,0.0984965148999489,0.1014581838773085,0.0374159937845341
AWT,awt04,-0.02857197987811,-0.0285381998473791,-0.0129058331771645,-0.0037888268973259,-0.098511758037289
AWT,awt05,0.1695528639684896,0.1562926642204395,0.2131968759087093,0.2125796084528379,0.2269568099519183
AWT,awt06,0.3207054397477581,0.3197606581300957,0.4526544680795097,0.4547929548658086,0.3098602103439692
AWT,awt07,0.0458466440622499,0.0484852631780803,0.0319425388950687,0.0348203826029729,0.0950638382528464
AWT,awt08,0.2667377540477443,0.2552159596767068,0.293562186992574,0.2951629969413156,0.2249118629927015
AWT,awt09,0.2518152041612884,0.2518134027313082,0.2310188321330016,0.2352408726367331,0.1155286311611145
AWT,awt10,0.2561618219709586,0.2691792310229065,0.282854385999271,0.2811783911541782,0.1972376430231098
AWT,awt11,0.0289548300021194,0.0341801371653573,-0.0112772672761713,-0.0101255682109475,-0.0409589594962479
AWT,awt12,0.2212944631063741,0.2212917535906702,0.2327739262637342,0.2328132902520883,0.1569814501500868
AWT,awt13,0.2721672856516387,0.2189158462434648,0.2926899351655521,0.287538478171465,0.3292456984034887
AWT,awt14,0.3527961952445047,0.3361105245722096,0.4657853945766455,0.4659273454860149,0.254977953244321
AWT,awt15,0.4785186740553214,0.4787034437218765,0.5041007754577727,0.5025811338379028,0.4568129506069689
AWT,awt16,0.2329584098150647,0.2331362286194619,0.2168539553036843,0.2118081461282795,0.1397805287120115
AWT,awt17,0.4099949407416502,0.3007743640383107,0.3595612214131974,0.3454167778927031,0.3277587784410228
AWT,awt18,0.1777040229511953,0.1821107903636292,0.0709911767706683,0.0789051972052003,0.1659632353973209
AWT,awt19,0.1802822885424069,0.1474543930272787,0.2061281083209147,0.2037300017121156,0.1665568823547843
AWT,awt20,-0.0019013084491659,-0.0019002794092214,-0.0516670207239595,-0.0654525311896523,0.0868746175428855
AWT,awt21,0.1117037713566661,0.1115246610282417,0.1535134221362576,0.1611755992692222,0.1523256110875154
AWT,awt22,0.2657741854892602,0.2657935885558904,0.3650197776709428,0.365290834349764,0.1792164086478137
AWT,awt23,0.2910735911936755,0.2910916142837966,0.2832582791993754,0.2796672927748106,0.1270960838941763
AWT,awt24,0.0458078707048874,0.0457863840134631,0.2509360892254725,0.2486281447083402,0.0515560211552513
AWT,awt25,0.0209665834960369,0.0205805513668836,0.0173844682159582,0.0167867236469797,0.080314122434013
AWT,awt26,0.2693933535801062,0.2694044564726248,0.2808712060613376,0.2807302377209737,-0.1715243814240786
AWT,awt27,0.3024457222757544,0.3025562209971148,0.3378519151526772,0.3350144423964567,0.0508801802549335
AWT,awt28,0.3674493710992897,0.3676002236668313,0.4676724729174114,0.467761284256119,0.1027601664078528
AWT,awt29,0.37728724882487,0.3784783202606281,0.3715341911088594,0.3713021860222314,0.1147393896598447
AWT,awt30,0.2904235099713961,0.2904451200531403,0.2882343520440283,0.2869155884866028,0.0871683980421035
AWT,awt31,0.3552889555455392,0.3549768716074683,0.3273076118844468,0.3238022568107263,0.1907451250846042
AWT,awt32,0.2704752893107677,0.2501627480561192,0.174866781800128,0.1753959543732179,0.1103552067302715
AWT,awt33,0.2436820473901586,0.2419154043900762,0.1407636188194554,0.1457560191469802,0.107878333229501
AWT,awt34,0.4659651848498942,0.4659107232426622,0.4076002934990234,0.4104722414040149,0.3150219856864431
AWT,awt35,0.3262519842197817,0.3263034459147163,0.2918402133400192,0.2897015205581624,0.1026316648906557
AWT,awt36,-0.1164061925480674,-0.1163987867464182,-0.175790979948325,-0.1740041812736828,0.2763357242251128
AWT,awt37,0.4448579652320532,0.4449575333045519,0.4521812988428011,0.454226625457395,0.1594111335783824
AWT,awt38,0.3712716272779146,0.3713284804668657,0.4218414311322102,0.4333799593433473,0.1722633758343369
AWT,awt39,0.3670354394877319,0.3672372318309441,0.430731842852853,0.4363687921720389,0.1151370028181711
AWT,awt40,0.4331676760179062,0.4331676729825138,0.4369725075446168,0.4361962291496373,-0.0244241478933749
CAN,can01,0.1179929922006274,0.1193072732857117,0.1017605700436504,0.1010018023753094,0.0082713692176403
CAN,can02,0.2248876925476467,0.2256190702520556,0.2190353992681344,0.2135574929615363,0.2516528847972116
CAN,can03,-0.0402373197912039,-0.0402371252861177,-0.0402586632921452,-0.0395232136495096,-0.002342920345139
CAN,can04,0.0227148193849201,0.0237596526116028,-0.0087917737992516,-0.002874281484546,0.0134340386371891
CAN,can05,0.0869496026665926,0.0832287584659727,0.0944030908557525,0.0927461693700489,0.0695062172744356
CAN,can06,0.0536123133684782,0.0538816417808725,0.0673775258624163,0.0672232854057875,0.0781490274924696
CAN,can07,0.0684011570348957,0.0673455319549886,0.0639314862553684,0.0625349348445079,0.0847064412474667
CAN,can08,0.0774140184104997,0.071500630237559,0.0860620567682061,0.0862985789069658,0.0777519890814368
CAN,can09,0.0511366312072754,0.0511120948894176,0.0488417932009452,0.0485728925318593,0.0781892826185348
CAN,can10,0.1287092806394311,0.1257464720527601,0.1380154023135141,0.1323604051743553,0.1440898570763333
CAN,can11,0.1539121272195899,0.1512294249733925,0.1867789233054359,0.1822432120453855,0.1322533299923404
CAN,can12,0.0562239320935785,0.0562125409484604,-0.0545762308743727,-0.0630656186824753,0.0324932924153473
CAN,can13,-0.1116067607486803,-0.1116066513963012,-0.1126846016242924,-0.1121095640482632,0.0034600041925931
CAN,can14,-0.0754330260469402,-0.0750138232475747,-0.1179635870786583,-0.1163973230096161,0.0027670934729845
CAN,can15,0.2203074604085667,0.2205742628095577,0.234348249798514,0.2363172876229599,0.204446049328403
CAN,can16,-0.0209640811473485,-0.0228489294416798,-0.0175865103482273,-0.0159392148762339,0.0326836810622118
CAN,can17,0.0091102756646111,0.0135816342278585,-0.0793629588765159,-0.074844116180937,-0.0567554985399998
CAN,can18,0.1979425372469959,0.200479372255095,0.2339931901923463,0.2406826291851716,0.1962346728950375
CAN,can19,0.0067811291326252,0.0069573623687575,0.0088855732979608,0.0082682318828068,0.0096160420375349
CAN,can20,0.0455848041748535,0.0426076317030049,0.0355697324455208,0.0415885491794615,0.0487263303529861
NSW,nsw01,0.2708683126685584,0.2701377040706497,0.2715658255201097,0.2829325448920175,0.0791488273570922
NSW,nsw02,0.2813159297125519,0.2806485858486405,0.1673086823897198,,0.2220382432310241
NSW,nsw03,0.1399048747186962,0.1405383989517624,0.0996360898736077,0.0936404607112526,0.0927623094905319
NSW,nsw04,0.1385224174867012,0.1322122807121312,0.1700775160652875,0.168989217941546,0.1448025758560966
NSW,nsw05,0.0509292017021278,0.0516637183712645,0.0584152337089903,0.0571189880028008,-0.0652213203074826
NSW,nsw06,-0.0384800354502585,-0.0344659118347748,-0.0475650695818867,-0.0416309128503985,0.0428695724038047
NSW,nsw07,0.1952749149145037,0.1962423970340291,0.2323439555336281,0.232837474361419,0.1686890419364065
NSW,nsw08,0.213934718323062,0.2106826406721945,0.2091570718511966,0.2117945810167819,0.1917295975786301
NSW,nsw09,0.1070227499602522,0.1066835161680219,0.0715608807691092,0.0811830183656561,0.1088961663323853
NSW,nsw10,0.1551874905281292,0.1409285086788857,0.1823278460588067,0.1922907203896397,0.1530842312080155
NSW,nsw11,0.0458791611122078,0.0359809288157874,0.0656479526762179,0.0682888514861865,0.0801060910926553
NSW,nsw12,0.1082540531797622,0.1063635656867188,0.096548246800584,0.094962372124529,0.1386392416572888
NSW,nsw13,0.1733324943693405,0.1649476917299715,0.1649579472708064,0.1627986580563561,0.188773594578753
NSW,nsw14,0.2247560225537322,0.2234837968606443,0.2358337970276089,0.2436470153938994,0.1899149594090935
NSW,nsw15,0.28724851450748,0.2797239249679211,0.3628394147110578,0.3658253475044604,0.3016665911917671
NSW,nsw16,0.1669796090263001,0.1616450656057144,0.1628869626089001,0.1676242087535475,0.0722964547783734
NSW,nsw17,0.0300573575874623,0.0300999585024257,0.0120330122448008,0.0179782677235582,0.0029940142493586
NSW,nsw18,0.1803308988453485,0.1814177980903761,0.2798834773828537,0.279874130400173,0.0510118803194695
NSW,nsw19,0.124628501731951,0.1131812833772642,0.1153290516897617,0.12755148320403,0.0703867107214233
NSW,nsw20,0.0733494444828933,0.0785703828849261,0.160342376812629,0.1604058637270523,0.1668533053140696
NSW,nsw21,0.1740418645506013,0.1655157112213272,0.1991730799510583,0.2022222006758993,0.1228966056683106
NSW,nsw22,0.1320146085722492,0.1391689151451734,0.1494372645387245,0.1521780320673885,0.1729162978403131
NSW,nsw23,0.3812728289890347,0.3541618544090395,0.3971539398715886,0.4019761486806181,0.1014610523449116
NSW,nsw24,0.1556389352901215,0.14552145760583,0.078690098899433,0.0797237499532638,0.0086783127248387
NSW,nsw25,0.0926490205819995,0.093700508447476,0.0884170045760128,0.0882645126683737,0.0779110172381166
NSW,nsw26,0.037459799175051,0.037588008490244,0.0644251258802233,0.0640239073213156,0.0169372035555181
NSW,nsw27,0.0911391904532253,0.0909945823711041,0.0778571254969768,0.088211542120915,-0.0086137464240497
NSW,nsw28,0.2137419031982152,0.18537165991333,0.3028143279866147,0.3071717401737113,0.0595789209234566
NSW,nsw29,0.0871763275083039,0.0874678676352668,0.1247547904610038,0.1275406493328882,0.0726863889452598
NSW,nsw31,0.1000833138925629,0.1019762296463641,0.1347126536204428,0.1342921485568847,-0.0574199206721702
NSW,nsw32,0.1106754750241032,0.1078639445072208,0.0814125357141026,0.082363178157352,0.040842953654232
NSW,nsw33,0.1111965348431072,0.1108932174736737,0.0549515886528915,0.0564878028070014,-0.0908895368179022
NSW,nsw34,0.194737647107557,0.1961733331315525,0.1377962212411819,0.1402364198290845,0.0637681159753236
NSW,nsw35,-0.0444112492617256,-0.045065066715606,-0.024855171730411,-0.0284600204210879,0.0619452930437535
NSW,nsw36,0.3260028754339358,0.3417683851548906,0.3551921882936292,0.3530989551048913,0.4293527134514008
NSW,nsw37,0.0737675327220775,0.0800440550069863,0.0789446789588114,0.0823908588974261,0.0453416741080937
NSW,nsw38,-0.0769721490520954,-0.0747035455446261,-0.0005645242624352,0.0053878360220942,-0.0639285859074338
NSW,nsw39,0.1440771380608656,0.1461127911645167,0.0439006277826125,0.0344115604867025,0.0201880591086499
NSW,nsw40,0.2391044781355868,0.2388276396929614,0.262549187966064,0.2586505503005892,0.2186127291883996
NSW,nsw41,0.1705186412919632,0.1707104912433947,0.1461426432994055,0.1454730137581714,0.1221897399174844
NSW,nsw42,0.0772111217943506,0.0787425489085102,0.1142177547322438,0.1130844841196581,0.0560621922050148
NSW,nsw43,0.1758380344086058,0.1754457059786137,0.2218828556243932,0.2240635675052821,0.059483391154314
NSW,nsw44,0.2075814940421183,0.2045895829453672,0.2411102057414871,0.2437390507620734,0.2131766601039883
NSW,nsw45,0.2011705240307897,0.19848665570712,0.3626690578635443,0.3643135858139062,0.1123416265986475
NSW,nsw46,0.214495243467626,0.2127400787783532,0.2510499126692918,0.253919387428498,0.3394706000756093
NSW,nsw47,0.218022425730351,0.2111411643469554,0.2342672538273772,0.2405025864172064,0.3297615171952841
NSW,nsw48,0.3417507299843489,0.3255235265689382,0.3458480128647533,0.35513916001756,0.3652432081917478
NSW,nsw49,0.271326688951736,0.2671289445231533,0.2464301020520595,0.2481716238968042,0.2494781842808947
NSW,nsw50,0.1198714549190014,0.1126256227331896,0.116837980096144,0.1180167446854246,0.1566948961013693
NSW,nsw51,0.0445342834118254,0.0432857880953936,0.0321890968040896,0.033850938068752,0.0347013594648459
NSW,nsw52,0.3313334001884851,0.3206865197247527,0.3790607660674569,0.3856127101354569,0.3297481034759135
NSW,nsw53,0.08582671983395,0.0825690206569617,0.0993512816818584,0.1132421897169309,0.0736611557667253
NSW,nsw54,-0.0375772811462944,-0.0400559402860405,-0.0330310544657381,-0.0326711705167563,0.0079608605681889
NZ,nz01,0.0595626285010319,0.0597620008210353,0.0447936139524964,0.0453132004006838,0.0597688051845957
NZ,nz02,0.2564783739520856,0.2540197636298919,0.4258583343663318,0.4242078812126679,0.1456381593856437
NZ,nz03,0.0280300594198399,0.0278671204794794,0.0475829947773074,0.05735132387753,0.0223792002625673
NZ,nz04,0.2577116463630071,0.2546956367006341,0.247886423057767,0.2516725782539263,0.0079861627324806
NZ,nz05,0.2726525532123464,0.272569926169395,0.2846762424260962,0.2850029433797064,0.1720693721961731
NZ,nz06,0.121642694019625,0.1215398265909496,0.1479460116639274,0.1492015250813743,0.021042022336693
NZ,nz07,0.0448785768974181,0.0443621031609649,0.0295906109431526,0.0264027514304175,0.0551886795689544
NZ,nz08,0.2768700679603091,0.2768476146098244,0.2805594763007261,0.2828580104762534,0.1078691615576447
NZ,nz09,0.0852116274022489,0.0852344035834435,0.0838283347618521,0.0844189507951383,0.0189351095753831
NZ,nz10,0.0782574932983563,0.0748673970096973,0.1199341097944553,0.1267108332652558,0.0682208248526386
NZ,nz11,0.1523065265059686,0.1522650847775779,0.2231168432931194,0.2182775804437588,0.039892256750635
NZ,nz12,0.0218496971703128,0.0202816430001546,0.0648356092229633,0.0576040935865932,0.0192033875663582
NZ,nz13,0.226693617398931,0.2270244725912245,0.1841949993468437,0.1856325352626497,0.026516709184732
NZ,nz14,-0.105179291052196,-0.1059085825204437,-0.0580225495006364,-0.0500804462013076,-0.0535784661134521
NZ,nz15,0.0515419525901494,0.0517835823122747,0.0712450456245138,0.0707371082688433,0.0202819999114904
NZ,nz16,0.0392010301020838,0.0353329480975116,0.0583326022665477,0.0606285241623679,0.0395416681226175
NZ,nz17,0.3116773172661479,0.3069992718806595,0.3753056730948222,0.3722319977263786,0.0944096800204388
NZ,nz18,0.2794392113841711,0.2747994307084938,0.2931446149339912,0.2898585423693371,0.1517485417312825
NZ,nz19,0.1155786626848205,0.1150417224075034,0.1406535554496625,0.1403453373947686,0.0481361472004973
NZ,nz20,0.2370841682060576,0.2367089574217696,0.2848015362032588,0.2817980608059797,0.1887812877393906
NZ,nz21,0.1386019906792213,0.1386415600660122,0.1192773878552112,0.1196494036163191,0.0365754145310087
NZ,nz22,0.0810554875805483,0.0740423084610055,0.0540999492070323,0.0567041315342251,0.0874516282096927
NZ,nz23,0.0413600605865642,0.0420049651238288,-0.166947765759541,-0.163779548949639,-0.0584465976323997
NZ,nz24,0.0452807174654594,0.0452456555193703,0.0544695907352461,0.0535505174797171,0.0408344019943662
NZ,nz25,0.1800362828637658,0.1792876534087392,0.1929861363340833,0.1930803812964744,0.0935716611906641
NZ,nz26,0.1532055634687631,0.1538743308189793,0.1532100565699993,0.1532091821221375,0.1125811769180688
NZ,nz27,0.0690442050124216,0.0686829775409737,0.0321571591592931,0.0357171558759061,-0.0427782353971842
NZ,nz28,0.0293328053588257,0.0293553416588403,0.055306839083404,0.0560845364756124,0.0154044202680264
NZ,nz29,0.2091063731685334,0.208742493339973,0.154121176428206,0.1532007657202848,0.0993305121475232
NZ,nz30,0.4377030025726161,0.4227616805394217,0.4807870546940322,0.4797787472599237,0.0672221305785813
NZ,nz31,0.0317108704568664,0.0291322311026442,0.0443047347650824,0.0443135424988149,0.0144851517167378
NZ,nz32,0.1946821980602035,0.1947146125046155,0.1879442152569626,0.1879729222849314,0.1044179979916157
NZ,nz33,0.2100825248169127,0.2095757452148362,0.1810415651121166,0.1812853335832842,0.007604175949935
NZ,nz34,0.0334831530915945,0.0331572658876537,0.0071535100008557,0.00990898070473,-0.0141800326649034
NZ,nz35,0.5031519100444578,0.5047773409922043,0.4782111395426243,0.4836747580986362,-0.1309442970460098
NZ,nz36,0.1873356819393367,0.1886631625399411,0.1734348374412004,0.1724879058261079,0.0124709305860675
NZ,nz37,0.0004996467184301,0.0008342394213761,0.0522556213688941,0.0522264383892487,-0.0219412001606392
NZ,nz38,0.2237648428830906,0.2213229468611094,0.2754313404398804,0.2743560943762695,0.1759768779304758
NZ,nz39,0.0223507532185192,0.0224980467329196,0.022744202633626,0.0223821060200654,0.0014025960664007
NZ,nz40,0.0954642630970183,0.0953387982079799,0.0269140104617632,0.023460056509817,-0.0091860363460832
NZ,nz41,0.0647466616410295,0.0645226888528328,0.0722076375315431,0.0703243367892992,0.0555596292301675
NZ,nz42,0.0639988378127213,0.0635376020941425,0.1110203466600052,0.1131529303539614,-0.0187877683548061
NZ,nz43,0.033767452615654,0.0337666161270706,0.039294497815803,0.0383733694493224,0.0250500955909585
NZ,nz44,0.3983724033420864,0.394414849294948,0.4193570939642668,0.4197731078487374,0.0920421664733325
NZ,nz45,0.1676318567910686,0.1670619779598948,0.2088901732192934,0.2048674257347998,0.1680086798914221
NZ,nz46,0.049691314255898,0.0496240830278478,0.0481948430842481,0.048533317927321,0.0285548061615376
NZ,nz47,0.3459671229915124,0.3394267174679254,0.3169661702907101,0.3203024711511528,0.1117397683062943
NZ,nz48,0.0916590036532756,0.087212673844865,0.1025103150403826,0.1019876505990716,0.0118964409603161
NZ,nz49,0.073732553540021,0.0719392580155077,0.1147669086736031,0.1130460464120369,0.088712678269614
NZ,nz50,0.1917257279007793,0.1917208423935212,0.1970696522645879,0.1974045105024627,0.1236323501668279
NZ,nz51,0.1097486272193697,0.1104386108340941,0.0529613828683566,0.058187914741683,0.0033271259972524
NZ,nz52,0.1675696173046623,0.1675771887878429,0.1760656701934688,0.1752047570997911,0.1126134168671311
SA,sa01,0.0590196782776673,0.0609937906981391,-0.0087112164261014,-0.0193934458885797,0.0941306021557775
SA,sa02,0.1361469352605119,0.13612715345961,0.0904342892756789,0.0946803611233154,0.0270869016320438
SA,sa03,0.2913194166069893,0.2914571653025582,0.232286392834171,0.2302170366209334,0.3877867638226066
SA,sa04,0.3832833593390822,0.3832583512564119,0.2561866806012464,0.241166622922598,0.2952282405730289
SA,sa05,0.3181010712845972,0.3165929297477084,0.2250420326314458,0.2374686440838872,0.3000268178617176
SA,sa06,0.2350028015322356,0.2090718630260568,0.1638050604416431,0.1663287898814928,0.3088242056549054
SA,sa07,0.2913527510513131,0.291537059956403,0.3050572563148723,0.3045134874732531,0.2731088953716415
SA,sa08,0.2502243721603234,0.2478032469440779,0.1970678758254692,0.2074070699446751,0.3636188281267873
SA,sa09,0.1395714966513356,0.1245820701170847,0.2501485286374082,0.2610802061957959,0.0858032222099259
SA,sa10,0.1507158797183632,0.1469796826079565,0.0983856360431346,0.0972849845236881,0.0830033779170322
SA,sa11,0.2348964179246783,0.2347832572131068,0.1330682530179986,0.1354765059377616,0.1685080843981976
SA,sa12,0.1747154410849255,0.1664892353781225,0.1878420669599455,0.1971689958724955,0.2779757653341569
SA,sa13,0.167908255348992,0.1443039985726883,0.2007208982870161,0.2108201796041268,0.0979005802612094
SA,sa14,0.2667812934340145,0.2667715699973666,0.2597402625525586,0.2586165391096001,0.2615295117292095
SA,sa15,-0.0003610000691071,0.0273546531167157,0.1002804163404067,0.1024722019832063,0.0724944184624627
SA,sa16,0.0728617466336619,0.0736467956321941,0.0825422716514604,0.0843094973590562,0.0980027664479449
SA,sa17,0.1706861492098385,0.1613141998115967,0.1791914566908222,0.1837456098827585,0.2242714820757997
SA,sa18,0.3100487130516667,0.3094014017680139,0.2714372017225416,0.2725407486379091,0.122938423305858
SA,sa19,0.2466941342216242,0.2467965773427657,0.1808269192724345,0.1970523202115551,0.2509201551971917
SA,sa20,0.2139940797240559,0.2139878260889662,0.1292160256499775,0.1296691264821929,0.162169498452852
SA,sa21,0.2441860519573594,0.2441280422752592,0.2837605393377869,0.2862180469905841,0.2335936854046472
SA,sa22,0.3059234032823166,0.3062250076900572,0.2874914224823131,0.2930427637137466,0.2556299355187543
SA,sa23,0.2916698510679725,0.2916117547580911,0.2665634298359819,0.2726491330303902,0.1789470948588378
SA,sa24,0.2280366168181369,0.2257298598316171,0.2921377898318119,0.2933969603479696,0.1186149845035929
SA,sa25,0.1500503384841761,0.1500662552826888,0.1226006619864605,0.1150641693359308,0.1364641119790449
SA,sa26,0.1997715063500352,0.1998034590957197,0.1258761686860568,0.1229637873003063,0.2362872023788426
SA,sa27,0.2915625391603502,0.291664255690729,0.2571201521318816,0.2529430887659043,0.4528678567694016
SA,sa28,0.1406760012447056,0.1407268603253036,0.0893904697439409,0.0919971762650525,0.0715337072631137
SA,sa29,0.2151344897282045,0.2151415078563718,0.1943859575568707,0.2039656128607146,0.1677095775845209
SA,sa30,0.1642059089803826,0.1644393755643247,0.1397621493102394,0.1434065180974597,0.0342733773319988
SWI,swi01,0.1139278693602068,0.1139226954309758,0.1156677121998341,0.1157364605239181,0.1044928316702698
SWI,swi02,0.1420530767928366,0.14193535799973,0.1396620376281408,0.1432814500365281,0.1278151552647687
SWI,swi03,0.0761011391595323,0.0760288679201754,0.0761573469126796,0.0765803497185036,0.1008764645054605
SWI,swi04,0.1076996297727829,0.1033513758264015,0.1406010831441416,0.1468444589245349,0.1301013836885105
SWI,swi05,0.1021171401436447,0.1041191180635922,0.1551992812503365,0.1608778404648774,0.1799395838989083
SWI,swi06,0.3553260322142246,0.355368141772528,0.2884657503701685,,0.3338758890721372
SWI,swi07,0.2062660333778962,0.2059586297256507,0.2141629355095246,0.2179002153294036,0.227260946009155
SWI,swi08,0.2474475360307397,0.2469933598221698,0.2444882883304146,0.2564463176351444,0.244537339511014
SWI,swi09,0.1639209847769311,0.1639230209429694,0.1660049934033178,0.169198109773214,0.152256398667175
SWI,swi10,0.2819111521700747,0.2817344893959042,0.2704039952412646,0.2738798047141347,0.2723879335728623
SWI,swi11,0.1123983054031534,0.1098611420243338,0.1233037919166526,0.1267221334108885,0.1270877670885074
SWI,swi12,0.0350633778841135,0.0342697379592612,0.0319320634925333,0.0324305566584895,0.0178187659173623
SWI,swi13,0.3558869297468286,0.3545398229501185,0.3230738684119683,0.3372606238338849,0.3663889316364314
SWI,swi14,0.2931515983836583,0.2920461972248489,0.2748718790886252,0.283782753163635,0.2778718487215129
SWI,swi15,0.1109100133200984,0.1109110598625237,0.1116702297675407,0.1107475910658032,0.1076011907079466
SWI,swi16,0.2150483920481296,0.215857715775828,0.2193868782661032,0.2202800284116343,0.2208287435624239
SWI,swi17,0.3996701317466264,0.3978107029683477,0.4197321047386684,0.4257592296988947,0.3861185979282787
SWI,swi18,0.0706740298205376,0.0692510758892677,0.0931035198275309,0.0909156396808953,0.0974767947650071
SWI,swi19,0.0573965793341851,0.0408968472400629,0.0661933569156063,0.0687410308814443,0.0103131504564669
SWI,swi20,0.1360707057022606,0.1359433371632286,0.1338204144921792,0.1347479532226968,0.1247131287283851
SWI,swi21,0.1131664724456596,0.1130330877659457,0.0912143822851972,0.0903118704970649,0.0705528904220941
SWI,swi22,0.1590419690352001,0.1584782544724275,0.1536507406280468,0.1516563753996999,0.1709885091052402
SWI,swi23,0.3259756441325177,0.3259395540756233,0.2728412143098279,0.2843782234003258,0.2452226680437495
SWI,swi24,0.0808420825042396,0.0807197016921572,0.0413378083327318,0.0401288128363607,0.0552240201774515
SWI,swi25,0.2416029817981812,0.2423620467210961,0.1961859118214489,0.1954263441809054,0.3119505400534154
SWI,swi26,0.0357333782667545,0.0321665658443767,0.0598302697342276,0.0597689159459551,0.0445775325738
SWI,swi27,0.1423377815581648,0.1423415690297717,0.1443003388638013,0.1459762813093718,0.1214474404400362
SWI,swi28,0.4931720594504953,0.4916880586037824,0.4537473900369027,,0.4766629206220203
SWI,swi29,0.0614529980644778,0.0569573801464527,0.0580401215712067,0.0574478184860458,0.0458215068989432
SWI,swi30,0.2405076034683195,0.2403012410076725,0.2269835175025306,0.233059332438075,0.2412826216742849
